metric_x,metric_y,n,spearman_r,spearman_p,pearson_r,pearson_p,abs_spearman_r
instability_index,score_instability,155,-1.0,0.0,-0.9999999999999998,0.0,1.0
thermoprot_probability,score_thermoprot,155,1.0,0.0,0.9999999999999999,0.0,1.0
composite_score,composite_rank,155,-1.0,0.0,-0.979433927785596,2.8791001572336094e-108,1.0
hbond_proxy,score_hbond_proxy,145,1.0,0.0,1.0,0.0,1.0
salt_bridge_proxy,score_salt_bridge_proxy,145,1.0,0.0,1.0,0.0,1.0
vina_xylobiose_score,vina_xylobiose_score_norm,145,-1.0,0.0,-1.0,0.0,1.0
vina_xylobiose_score,vina_xylobiose_score_dock,145,1.0,0.0,1.0,0.0,1.0
vina_xylobiose_score,vina_xylobiose_score_norm_dock,145,-1.0,0.0,-1.0,0.0,1.0
vina_xylobiose_score_norm,vina_xylobiose_score_dock,145,-1.0,0.0,-1.0,0.0,1.0
vina_xylobiose_score_norm,vina_xylobiose_score_norm_dock,145,1.0,0.0,1.0,0.0,1.0
vina_xylobiose_score_dock,vina_xylobiose_score_norm_dock,145,-1.0,0.0,-1.0,0.0,1.0
optimum_pH_x,optimum_pH_y,23,1.0,0.0,1.0,0.0,1.0
dbd2_score,score_dbd2,20,-1.0,0.0,-1.0,0.0,1.0
dbd2_score,dbd2_score_mut,20,1.0,0.0,1.0,0.0,1.0
duet_best_ddg,score_duet,20,1.0,0.0,1.0,0.0,1.0
duet_best_ddg,duet_best_ddg_mut,20,1.0,0.0,1.0,0.0,1.0
duet_worst_ddg,duet_worst_ddg_mut,20,1.0,0.0,1.0,0.0,1.0
duet_mean_ddg,duet_mean_ddg_mut,20,1.0,0.0,1.0,0.0,1.0
duet_n_stabilizing,duet_n_stabilizing_mut,20,1.0,0.0,0.9999999999999999,0.0,1.0
score_duet,duet_best_ddg_mut,20,1.0,0.0,1.0,0.0,1.0
score_dbd2,dbd2_score_mut,20,-1.0,0.0,-1.0,0.0,1.0
vina_xylotriose_score,vina_xylotriose_score_norm,145,-0.9999999999999998,0.0,-1.0,0.0,0.9999999999999998
vina_xylotriose_score,vina_xylotriose_score_dock,145,0.9999999999999998,0.0,1.0,0.0,0.9999999999999998
vina_xylotriose_score,vina_xylotriose_score_norm_dock,145,-0.9999999999999998,0.0,-1.0,0.0,0.9999999999999998
vina_xylotriose_score_norm,vina_xylotriose_score_dock,145,-0.9999999999999998,0.0,-1.0,0.0,0.9999999999999998
vina_xylotriose_score_norm,vina_xylotriose_score_norm_dock,145,0.9999999999999998,0.0,1.0,0.0,0.9999999999999998
docking_score_mean_norm,rank_docking,145,-0.9999999999999998,0.0,-0.960215568036246,4.1697140089858047e-81,0.9999999999999998
docking_score_mean_norm,score_docking,145,0.9999999999999998,0.0,1.0,0.0,0.9999999999999998
docking_score_mean_norm,docking_score_mean_norm_dock,145,0.9999999999999998,0.0,1.0,0.0,0.9999999999999998
docking_score_mean_norm,rank_docking_dock,145,-0.9999999999999998,0.0,-0.960215568036246,4.1697140089858047e-81,0.9999999999999998
rank_docking,score_docking,145,-0.9999999999999998,0.0,-0.960215568036246,4.1697140089858047e-81,0.9999999999999998
rank_docking,docking_score_mean_norm_dock,145,-0.9999999999999998,0.0,-0.960215568036246,4.1697140089858047e-81,0.9999999999999998
rank_docking,rank_docking_dock,145,0.9999999999999998,0.0,0.9999999999999999,0.0,0.9999999999999998
score_docking,docking_score_mean_norm_dock,145,0.9999999999999998,0.0,1.0,0.0,0.9999999999999998
score_docking,rank_docking_dock,145,-0.9999999999999998,0.0,-0.960215568036246,4.1697140089858047e-81,0.9999999999999998
vina_xylotriose_score_dock,vina_xylotriose_score_norm_dock,145,-0.9999999999999998,0.0,-1.0,0.0,0.9999999999999998
docking_score_mean_norm_dock,rank_docking_dock,145,-0.9999999999999998,0.0,-0.960215568036246,4.1697140089858047e-81,0.9999999999999998
length,molecular_weight,155,0.9949446849500259,1.2373917191566327e-154,0.9989541329123063,6.466982800957666e-207,0.9949446849500259
hbond_proxy,salt_bridge_proxy,145,0.9400788337944695,1.0617671466227585e-68,0.8804016071303008,3.501451689661802e-48,0.9400788337944695
hbond_proxy,score_salt_bridge_proxy,145,0.9400788337944695,1.0617671466227585e-68,0.8804016071303008,3.501451689661802e-48,0.9400788337944695
salt_bridge_proxy,score_hbond_proxy,145,0.9400788337944695,1.0617671466227585e-68,0.8804016071303011,3.5014516896609297e-48,0.9400788337944695
score_hbond_proxy,score_salt_bridge_proxy,145,0.9400788337944695,1.0617671466227585e-68,0.880401607130301,3.5014516896609297e-48,0.9400788337944695
vina_xylotriose_score,docking_score_mean_norm,145,-0.9018704786799617,5.530930406552539e-54,-0.919377269645915,8.263206393939879e-60,0.9018704786799617
vina_xylotriose_score,rank_docking,145,0.9018704786799617,5.530930406552539e-54,0.8898014805042919,1.4215410047106177e-50,0.9018704786799617
vina_xylotriose_score,score_docking,145,-0.9018704786799617,5.530930406552539e-54,-0.919377269645915,8.263206393939879e-60,0.9018704786799617
vina_xylotriose_score,docking_score_mean_norm_dock,145,-0.9018704786799617,5.530930406552539e-54,-0.919377269645915,8.263206393939879e-60,0.9018704786799617
vina_xylotriose_score,rank_docking_dock,145,0.9018704786799617,5.530930406552539e-54,0.8898014805042919,1.4215410047106177e-50,0.9018704786799617
vina_xylotriose_score_norm,docking_score_mean_norm,145,0.9018704786799617,5.530930406552539e-54,0.919377269645915,8.263206393939879e-60,0.9018704786799617
vina_xylotriose_score_norm,rank_docking,145,-0.9018704786799617,5.530930406552539e-54,-0.8898014805042919,1.4215410047106177e-50,0.9018704786799617
vina_xylotriose_score_norm,score_docking,145,0.9018704786799617,5.530930406552539e-54,0.919377269645915,8.263206393939879e-60,0.9018704786799617
