alignment_position,column_residues,consensus_aa,consensus_count,consensus_fraction,non_gap_count
1,MMM,M,3,1.0,3
2,FVR,F,1,0.3333333333333333,3
3,KSS,S,2,0.6666666666666666,3
4,--P,P,1,1.0,1
5,--T,T,1,1.0,1
6,--L,L,1,1.0,1
7,--F,F,1,1.0,1
8,--P,P,1,1.0,1
9,--P,P,1,1.0,1
10,--A,A,1,1.0,1
11,--V,V,1,1.0,1
12,--R,R,1,1.0,1
13,--R,R,1,1.0,1
14,--K,K,1,1.0,1
15,--A,A,1,1.0,1
16,--G,G,1,1.0,1
17,--G,G,1,1.0,1
18,--L,L,1,1.0,1
19,FFY,F,2,0.6666666666666666,3
20,KSA,K,1,0.3333333333333333,3
21,KSA,K,1,0.3333333333333333,3
22,-LL,L,2,1.0,2
23,-AI,A,1,0.5,2
24,-LV,L,1,0.5,2
25,-GT,G,1,0.5,2
26,-FA,F,1,0.5,2
27,NSL,N,1,0.3333333333333333,3
28,FAA,A,2,0.6666666666666666,3
29,LVA,L,1,0.3333333333333333,3
30,VAT,V,1,0.3333333333333333,3
31,GGS,G,2,0.6666666666666666,3
32,LVV,V,2,0.6666666666666666,3
33,SFL,S,1,0.3333333333333333,3
34,AAT,A,2,0.6666666666666666,3
35,AAA,A,3,1.0,3
36,LPP,P,2,0.6666666666666666,3
37,MSP,M,1,0.3333333333333333,3
38,SEA,S,1,0.3333333333333333,3
39,ILA,I,1,0.3333333333333333,3
40,SSQ,S,2,0.6666666666666666,3
41,-KA,K,1,0.5,2
42,-RA,R,1,0.5,2
43,-QE,Q,1,0.5,2
44,-TT,T,2,1.0,2
45,LLT,L,2,0.6666666666666666,3
46,FTL,F,1,0.3333333333333333,3
47,SSG,S,2,0.6666666666666666,3
48,ASA,A,2,0.6666666666666666,3
49,TSA,T,1,0.3333333333333333,3
50,ATA,A,2,0.6666666666666666,3
51,SGK,S,1,0.3333333333333333,3
52,ATQ,A,1,0.3333333333333333,3
53,ASS,S,2,0.6666666666666666,3
54,SGG,G,2,0.6666666666666666,3
55,TGR,T,1,0.3333333333333333,3
56,DYY,Y,2,0.6666666666666666,3
57,YYF,Y,2,0.6666666666666666,3
58,WYG,W,1,0.3333333333333333,3
59,QST,Q,1,0.3333333333333333,3
60,NFA,N,1,0.3333333333333333,3
61,WWI,W,2,0.6666666666666666,3
62,TTA,T,2,0.6666666666666666,3
63,DNS,D,1,0.3333333333333333,3
64,GGG,G,3,1.0,3
65,GGR,G,2,0.6666666666666666,3
66,--L,L,1,1.0,1
67,GGN,G,2,0.6666666666666666,3
68,ITD,I,1,0.3333333333333333,3
69,VVS,V,2,0.6666666666666666,3
70,NDT,N,1,0.3333333333333333,3
71,AYY,Y,2,0.6666666666666666,3
72,VTT,T,2,0.6666666666666666,3
73,NNT,N,2,0.6666666666666666,3
74,GGI,G,2,0.6666666666666666,3
75,SNA,S,1,0.3333333333333333,3
76,GGS,G,2,0.6666666666666666,3
77,GGR,G,2,0.6666666666666666,3
78,NEE,E,2,0.6666666666666666,3
79,YYF,Y,2,0.6666666666666666,3
80,--D,D,1,1.0,1
81,SSS,S,3,1.0,3
82,VVV,V,3,1.0,3
83,NTT,T,2,0.6666666666666666,3
84,WWA,W,2,0.6666666666666666,3
85,SEE,E,2,0.6666666666666666,3
86,NNN,N,3,1.0,3
87,TCE,T,1,0.3333333333333333,3
88,GGM,G,2,0.6666666666666666,3
89,--K,K,1,1.0,1
90,--I,I,1,1.0,1
91,--D,D,1,1.0,1
92,--A,A,1,1.0,1
93,--T,T,1,1.0,1
94,--E,E,1,1.0,1
95,--P,P,1,1.0,1
96,--Q,Q,1,1.0,1
97,--Q,Q,1,1.0,1
98,--G,G,1,1.0,1
99,--R,R,1,1.0,1
100,--F,F,1,1.0,1
101,NDD,D,2,0.6666666666666666,3
102,FFF,F,3,1.0,3
103,VTS,V,1,0.3333333333333333,3
104,VAA,A,2,0.6666666666666666,3
105,GGG,G,3,1.0,3
106,KKD,K,2,0.6666666666666666,3
107,--R,R,1,1.0,1
108,--V,V,1,1.0,1
109,--Y,Y,1,1.0,1
110,--D,D,1,1.0,1
111,--W,W,1,1.0,1
112,--A,A,1,1.0,1
113,--V,V,1,1.0,1
114,--R,R,1,1.0,1
115,--N,N,1,1.0,1
116,--G,G,1,1.0,1
117,--K,K,1,1.0,1
118,--Q,Q,1,1.0,1
119,--V,V,1,1.0,1
120,--R,R,1,1.0,1
121,--G,G,1,1.0,1
122,--H,H,1,1.0,1
123,--T,T,1,1.0,1
124,--L,L,1,1.0,1
125,GGA,G,2,0.6666666666666666,3
126,WWW,W,3,1.0,3
127,TNH,T,1,0.3333333333333333,3
128,--S,S,1,1.0,1
129,--Q,Q,1,1.0,1
130,--Q,Q,1,1.0,1
131,TPP,P,2,0.6666666666666666,3
132,GGG,G,3,1.0,3
133,SGW,S,1,0.3333333333333333,3
134,P--,P,1,1.0,1
135,FYM,F,1,0.3333333333333333,3
136,RRQ,R,2,0.6666666666666666,3
137,TSQ,T,1,0.3333333333333333,3
138,IVL,I,1,0.3333333333333333,3
139,NTS,N,1,0.3333333333333333,3
140,YYG,Y,2,0.6666666666666666,3
141,N--,N,1,1.0,1
142,ASG,A,1,0.3333333333333333,3
143,GGA,G,2,0.6666666666666666,3
144,VSL,V,1,0.3333333333333333,3
145,WFR,W,1,0.3333333333333333,3
146,ANQ,A,1,0.3333333333333333,3
147,PPA,P,2,0.6666666666666666,3
148,NSM,N,1,0.3333333333333333,3
149,GGI,G,2,0.6666666666666666,3
150,NNN,N,3,1.0,3
151,GAH,G,1,0.3333333333333333,3
152,YYI,Y,2,0.6666666666666666,3
153,LLN,L,2,0.6666666666666666,3
154,TSG,T,1,0.3333333333333333,3
155,LVV,V,2,0.6666666666666666,3
156,YYM,Y,2,0.6666666666666666,3
157,GGG,G,3,1.0,3
158,WWH,W,2,0.6666666666666666,3
159,TTY,T,2,0.6666666666666666,3
160,RTK,R,1,0.3333333333333333,3
161,SNG,S,1,0.3333333333333333,3
162,PPK,P,2,0.6666666666666666,3
163,LLI,L,2,0.6666666666666666,3
164,IVS,I,1,0.3333333333333333,3
165,EEQ,E,2,0.6666666666666666,3
166,YYW,Y,2,0.6666666666666666,3
167,YYD,Y,2,0.6666666666666666,3
168,VIV,V,2,0.6666666666666666,3
169,VLV,V,2,0.6666666666666666,3
170,--N,N,1,1.0,1
171,DEE,E,2,0.6666666666666666,3
172,SNA,S,1,0.3333333333333333,3
173,WYF,W,1,0.3333333333333333,3
174,GGA,G,2,0.6666666666666666,3
175,TDD,D,2,0.6666666666666666,3
176,YYG,Y,2,0.6666666666666666,3
177,RNS,R,1,0.3333333333333333,3
178,PPS,P,2,0.6666666666666666,3
179,-GG,G,2,1.0,2
180,-SA,S,1,0.5,2
181,--R,R,1,1.0,1
182,--R,R,1,1.0,1
183,--D,D,1,1.0,1
184,--S,S,1,1.0,1
185,--N,N,1,1.0,1
186,--L,L,1,1.0,1
187,--Q,Q,1,1.0,1
188,--R,R,1,1.0,1
189,--T,T,1,1.0,1
190,--G,G,1,1.0,1
191,--N,N,1,1.0,1
192,--D,D,1,1.0,1
193,--W,W,1,1.0,1
194,--I,I,1,1.0,1
195,TSE,T,1,0.3333333333333333,3
196,GMV,G,1,0.3333333333333333,3
197,TTA,T,2,0.6666666666666666,3
198,YYF,Y,2,0.6666666666666666,3
199,KKR,K,2,0.6666666666666666,3
200,GGT,G,2,0.6666666666666666,3
201,TSA,T,1,0.3333333333333333,3
202,VVR,V,2,0.6666666666666666,3
203,KYA,K,1,0.3333333333333333,3
204,SSA,S,2,0.6666666666666666,3
205,DDD,D,3,1.0,3
206,GGP,G,2,0.6666666666666666,3
207,GSS,S,2,0.6666666666666666,3
208,TTA,T,2,0.6666666666666666,3
209,--K,K,1,1.0,1
210,--L,L,1,1.0,1
211,--C,C,1,1.0,1
212,YYY,Y,3,1.0,3
213,DDN,D,2,0.6666666666666666,3
214,LID,L,1,0.3333333333333333,3
215,YYY,Y,3,1.0,3
216,TEN,T,1,0.3333333333333333,3
217,THV,T,1,0.3333333333333333,3
218,TQE,T,1,0.3333333333333333,3
219,RQN,R,1,0.3333333333333333,3
220,YVW,Y,1,0.3333333333333333,3
221,NNT,N,2,0.6666666666666666,3
222,AQW,A,1,0.3333333333333333,3
223,PPA,P,2,0.6666666666666666,3
224,SS-,S,2,1.0,2
225,II-,I,2,1.0,2
226,DE-,D,1,0.5,2
227,GG-,G,2,1.0,2
228,DT-,D,1,0.5,2
229,R--,R,1,1.0,1
230,TAK,T,1,0.3333333333333333,3
231,TTT,T,3,1.0,3
232,FFQ,F,2,0.6666666666666666,3
233,TNA,T,1,0.3333333333333333,3
234,QQM,Q,2,0.6666666666666666,3
235,YYY,Y,3,1.0,3
236,WWA,W,2,0.6666666666666666,3
237,SSM,S,2,0.6666666666666666,3
238,VIV,V,2,0.6666666666666666,3
239,RRR,R,3,1.0,3
240,QQD,Q,2,0.6666666666666666,3
241,TNF,T,1,0.3333333333333333,3
242,KKK,K,3,1.0,3
243,RRQ,R,2,0.6666666666666666,3
244,PSR,P,1,0.3333333333333333,3
245,TSG,T,1,0.3333333333333333,3
246,GGV,G,2,0.6666666666666666,3
247,S-P,S,1,0.5,2
248,N-I,N,1,0.5,2
249,A-D,A,1,0.5,2
250,TTC,T,2,0.6666666666666666,3
251,IVV,V,2,0.6666666666666666,3
252,TTG,T,2,0.6666666666666666,3
253,FTF,F,2,0.6666666666666666,3
254,SGQ,S,1,0.3333333333333333,3
255,NNA,N,2,0.6666666666666666,3
256,HHH,H,3,1.0,3
257,VFF,F,2,0.6666666666666666,3
258,NNN,N,3,1.0,3
259,AAN,A,2,0.6666666666666666,3
260,WWG,W,2,0.6666666666666666,3
261,KAS,K,1,0.3333333333333333,3
262,SSP,S,2,0.6666666666666666,3
263,HLY,H,1,0.3333333333333333,3
264,GGH,G,2,0.6666666666666666,3
265,MMS,M,2,0.6666666666666666,3
266,NNN,N,3,1.0,3
267,--F,F,1,1.0,1
268,--R,R,1,1.0,1
269,--T,T,1,1.0,1
270,--T,T,1,1.0,1
271,--L,L,1,1.0,1
272,--Q,Q,1,1.0,1
273,--N,N,1,1.0,1
274,--F,F,1,1.0,1
275,--A,A,1,1.0,1
276,--A,A,1,1.0,1
277,LLL,L,3,1.0,3
278,GGG,G,3,1.0,3
279,SEV,S,1,0.3333333333333333,3
280,N-D,N,1,0.5,2
281,WFV,W,1,0.3333333333333333,3
282,ANA,A,2,0.6666666666666666,3
283,YYV,Y,2,0.6666666666666666,3
284,QMT,Q,1,0.3333333333333333,3
285,VIE,V,1,0.3333333333333333,3
286,MVL,M,1,0.3333333333333333,3
287,ASD,A,1,0.3333333333333333,3
288,TTI,T,2,0.6666666666666666,3
289,EEQ,E,2,0.6666666666666666,3
290,GGG,G,3,1.0,3
291,YYA,Y,2,0.6666666666666666,3
292,QES,Q,1,0.3333333333333333,3
293,SSP,S,2,0.6666666666666666,3
294,SSA,S,2,0.6666666666666666,3
295,GGT,G,2,0.6666666666666666,3
296,SSY,S,2,0.6666666666666666,3
297,SSA,S,2,0.6666666666666666,3
298,NSD,N,1,0.3333333333333333,3
299,VIV,V,2,0.6666666666666666,3
300,TTT,T,3,1.0,3
301,--N,N,1,1.0,1
302,--D,D,1,1.0,1
303,--C,C,1,1.0,1
304,--L,L,1,1.0,1
305,--A,A,1,1.0,1
306,--V,V,1,1.0,1
307,--P,P,1,1.0,1
308,--R,R,1,1.0,1
309,--C,C,1,1.0,1
310,--L,L,1,1.0,1
311,--G,G,1,1.0,1
312,--I,I,1,1.0,1
313,--T,T,1,1.0,1
314,VVV,V,3,1.0,3
315,WSW,W,2,0.6666666666666666,3
316,--G,G,1,1.0,1
317,--V,V,1,1.0,1
318,--R,R,1,1.0,1
319,--D,D,1,1.0,1
320,--T,T,1,1.0,1
321,--D,D,1,1.0,1
322,--S,S,1,1.0,1
323,--W,W,1,1.0,1
324,--R,R,1,1.0,1
325,--A,A,1,1.0,1
326,--E,E,1,1.0,1
327,--H,H,1,1.0,1
328,--T,T,1,1.0,1
329,--P,P,1,1.0,1
330,--L,L,1,1.0,1
331,--L,L,1,1.0,1
332,--F,F,1,1.0,1
333,--N,N,1,1.0,1
334,--G,G,1,1.0,1
335,--D,D,1,1.0,1
336,--G,G,1,1.0,1
337,--S,S,1,1.0,1
338,--K,K,1,1.0,1
339,--K,K,1,1.0,1
340,--P,P,1,1.0,1
341,--A,A,1,1.0,1
342,--Y,Y,1,1.0,1
343,--A,A,1,1.0,1
344,--A,A,1,1.0,1
345,--V,V,1,1.0,1
346,--L,L,1,1.0,1
347,--N,N,1,1.0,1
348,--A,A,1,1.0,1
349,--L,L,1,1.0,1
350,--N,N,1,1.0,1
351,--A,A,1,1.0,1
352,--G,G,1,1.0,1
353,--S,S,1,1.0,1
354,--S,S,1,1.0,1
355,--T,T,1,1.0,1
356,--P,P,1,1.0,1
357,--T,T,1,1.0,1
358,--P,P,1,1.0,1
359,--P,P,1,1.0,1
360,--P,P,1,1.0,1
361,--G,G,1,1.0,1
362,--T,T,1,1.0,1
363,--G,G,1,1.0,1
364,--P,P,1,1.0,1
365,--V,V,1,1.0,1
366,--R,R,1,1.0,1
367,--G,G,1,1.0,1
368,--V,V,1,1.0,1
369,--A,A,1,1.0,1
370,--S,S,1,1.0,1
371,--G,G,1,1.0,1
372,--R,R,1,1.0,1
373,--C,C,1,1.0,1
374,--L,L,1,1.0,1
375,--D,D,1,1.0,1
376,--V,V,1,1.0,1
377,--P,P,1,1.0,1
378,--G,G,1,1.0,1
379,--A,A,1,1.0,1
380,--A,A,1,1.0,1
381,--T,T,1,1.0,1
382,--A,A,1,1.0,1
383,--D,D,1,1.0,1
384,--G,G,1,1.0,1
385,--T,T,1,1.0,1
386,--Q,Q,1,1.0,1
387,--V,V,1,1.0,1
388,--Q,Q,1,1.0,1
389,--L,L,1,1.0,1
390,--W,W,1,1.0,1
391,--D,D,1,1.0,1
392,--C,C,1,1.0,1
393,--N,N,1,1.0,1
394,--N,N,1,1.0,1
395,--R,R,1,1.0,1
396,--A,A,1,1.0,1
397,--N,N,1,1.0,1
398,--Q,Q,1,1.0,1
399,--Q,Q,1,1.0,1
400,--W,W,1,1.0,1
401,--T,T,1,1.0,1
402,--L,L,1,1.0,1
403,--T,T,1,1.0,1
404,--A,A,1,1.0,1
405,--A,A,1,1.0,1
406,--G,G,1,1.0,1
407,--E,E,1,1.0,1
408,--L,L,1,1.0,1
409,--R,R,1,1.0,1
410,--V,V,1,1.0,1
411,--Y,Y,1,1.0,1
412,--G,G,1,1.0,1
413,--D,D,1,1.0,1
414,--K,K,1,1.0,1
415,--C,C,1,1.0,1
416,--L,L,1,1.0,1
417,--D,D,1,1.0,1
418,--A,A,1,1.0,1
419,--A,A,1,1.0,1
420,--G,G,1,1.0,1
421,--T,T,1,1.0,1
422,--G,G,1,1.0,1
423,--S,S,1,1.0,1
424,--G,G,1,1.0,1
425,--A,A,1,1.0,1
426,--K,K,1,1.0,1
427,--V,V,1,1.0,1
428,--Q,Q,1,1.0,1
429,--I,I,1,1.0,1
430,--Y,Y,1,1.0,1
431,--S,S,1,1.0,1
432,--C,C,1,1.0,1
433,--W,W,1,1.0,1
434,--G,G,1,1.0,1
435,--G,G,1,1.0,1
436,--D,D,1,1.0,1
437,--N,N,1,1.0,1
438,--Q,Q,1,1.0,1
439,--K,K,1,1.0,1
440,--W,W,1,1.0,1
441,--R,R,1,1.0,1
442,--L,L,1,1.0,1
443,--N,N,1,1.0,1
444,--S,S,1,1.0,1
445,--D,D,1,1.0,1
446,--G,G,1,1.0,1
447,--S,S,1,1.0,1
448,--I,I,1,1.0,1
449,--V,V,1,1.0,1
450,--G,G,1,1.0,1
451,--V,V,1,1.0,1
452,--Q,Q,1,1.0,1
453,--S,S,1,1.0,1
454,--G,G,1,1.0,1
455,--L,L,1,1.0,1
456,--C,C,1,1.0,1
457,--L,L,1,1.0,1
458,--D,D,1,1.0,1
459,--A,A,1,1.0,1
460,--A,A,1,1.0,1
461,--A,A,1,1.0,1
462,--G,G,1,1.0,1
463,--G,G,1,1.0,1
464,--T,T,1,1.0,1
465,--A,A,1,1.0,1
466,--N,N,1,1.0,1
467,--G,G,1,1.0,1
468,--T,T,1,1.0,1
469,--V,V,1,1.0,1
470,--I,I,1,1.0,1
471,--Q,Q,1,1.0,1
472,--L,L,1,1.0,1
473,--Y,Y,1,1.0,1
474,--S,S,1,1.0,1
475,--C,C,1,1.0,1
476,--W,W,1,1.0,1
477,--N,N,1,1.0,1
478,--G,G,1,1.0,1
479,--G,G,1,1.0,1
480,--N,N,1,1.0,1
481,--Q,Q,1,1.0,1
482,--R,R,1,1.0,1
483,--W,W,1,1.0,1
484,--T,T,1,1.0,1
485,--R,R,1,1.0,1
486,--A,A,1,1.0,1
