uniprot_accession,organism,organism_type,gh_family,length,molecular_weight,aromaticity,instability_index,gravy,predicted_pI,secondary_structure_fraction_helix,secondary_structure_fraction_turn,secondary_structure_fraction_sheet,optimum_temperature,optimum_pH,aa_A_fraction,aa_C_fraction,aa_D_fraction,aa_E_fraction,aa_F_fraction,aa_G_fraction,aa_H_fraction,aa_I_fraction,aa_K_fraction,aa_L_fraction,aa_M_fraction,aa_N_fraction,aa_P_fraction,aa_Q_fraction,aa_R_fraction,aa_S_fraction,aa_T_fraction,aa_V_fraction,aa_W_fraction,aa_Y_fraction
A0A0B5JC15,Humicola insolens (Soft-rot fungus),fungal,GH11,291,30839.057699999998,0.12371134020618557,24.432989690721644,-0.6518900343642612,8.702732276916507,0.14776632302405499,0.4329896907216495,0.32302405498281783,,,6.529209621993127,2.0618556701030926,2.4054982817869415,2.4054982817869415,2.7491408934707904,18.556701030927837,1.3745704467353952,2.0618556701030926,1.0309278350515463,3.7800687285223367,1.0309278350515463,9.965635738831615,4.810996563573883,4.810996563573883,5.154639175257732,7.560137457044673,8.59106529209622,5.498281786941581,3.4364261168384878,6.185567010309279
B3A0S5,Fusarium oxysporum f. sp. lycopersici (strain 4287 / CBS 123668 / FGSC 9935 / NRRL 34936) (Fusarium vascular wilt of tomato),fungal,GH10,327,36197.3094,0.08868501529051988,26.428746177370023,-0.44648318042813456,8.565930366516113,0.29357798165137616,0.29663608562691135,0.345565749235474,,,11.009174311926605,1.2232415902140672,5.198776758409786,4.281345565749236,1.834862385321101,7.951070336391437,1.834862385321101,5.504587155963303,4.587155963302752,7.033639143730887,2.4464831804281344,7.339449541284404,3.9755351681957185,4.587155963302752,5.81039755351682,5.198776758409786,7.6452599388379205,5.504587155963303,2.7522935779816513,4.281345565749236
B3VSG7,Botryotinia fuckeliana (strain B05.10) (Noble rot fungus) (Botrytis cinerea),fungal,GH11,227,23823.774699999998,0.1277533039647577,25.280616740088092,-0.19691629955947137,7.798498725891114,0.22466960352422907,0.3656387665198238,0.4052863436123348,,,9.691629955947137,0.0,1.7621145374449338,3.5242290748898677,2.643171806167401,11.894273127753303,0.44052863436123346,3.5242290748898677,3.5242290748898677,5.286343612334802,0.44052863436123346,4.845814977973569,2.643171806167401,3.0837004405286343,2.202643171806167,15.418502202643172,11.45374449339207,7.488986784140969,2.643171806167401,7.488986784140969
D5EY13,Xylanibacter ruminicola (strain ATCC 19189 / DSM 19721 / CIP 105475 / JCM 8958 / 23) (Prevotella ruminicola),bacterial,GH10,726,82287.8563,0.11983471074380164,36.533085399449156,-0.48622589531680444,7.900358772277833,0.3168044077134986,0.29338842975206614,0.3415977961432507,,,6.887052341597796,1.1019283746556474,6.0606060606060606,6.74931129476584,5.647382920110193,9.228650137741047,2.203856749311295,5.234159779614325,8.677685950413224,6.0606060606060606,3.3057851239669422,5.096418732782369,4.820936639118457,3.168044077134986,4.40771349862259,4.132231404958677,4.40771349862259,6.473829201101928,2.203856749311295,4.132231404958677
P83513,Pseudobutyrivibrio xylanivorans,bacterial,GH11,602,65922.14069999999,0.10631229235880399,27.429750830564778,-0.4950166112956811,5.49493236541748,0.21428571428571427,0.37209302325581395,0.3604651162790698,,5.6,5.48172757475083,1.495016611295681,5.647840531561462,3.1561461794019934,3.654485049833887,9.634551495016611,1.1627906976744187,4.8172757475083055,5.149501661129568,4.983388704318937,2.6578073089700998,9.46843853820598,2.990033222591362,5.3156146179401995,2.3255813953488373,9.46843853820598,8.803986710963455,6.810631229235881,1.6611295681063123,5.3156146179401995
Q59675,Cellvibrio japonicus (Pseudomonas fluorescens subsp. cellulosa),bacterial,GH10,606,64883.2702,0.07755775577557755,39.13466996699679,-0.17607260726072607,4.692706871032715,0.28052805280528054,0.34983498349834985,0.3481848184818482,,,10.891089108910892,1.155115511551155,7.260726072607261,3.7953795379537953,3.3003300330033003,5.9405940594059405,1.9801980198019802,5.2805280528052805,4.29042904290429,6.765676567656766,2.31023102310231,6.435643564356436,3.3003300330033003,3.6303630363036303,2.145214521452145,12.046204620462046,7.590759075907591,7.425742574257426,1.6501650165016502,2.8052805280528053
Q8GJ44,Thermoclostridium stercorarium (Clostridium stercorarium),bacterial,GH11,651,70149.83859999999,0.11059907834101383,32.47342549923198,-0.22718894009216592,5.1008108139038075,0.1751152073732719,0.3763440860215054,0.4101382488479263,,,5.6835637480798775,0.4608294930875576,4.45468509984639,3.533026113671275,3.533026113671275,10.906298003072196,0.7680491551459293,7.8341013824884795,2.61136712749616,4.147465437788019,1.5360983102918586,7.2196620583717355,4.301075268817204,3.0721966205837172,3.686635944700461,10.75268817204301,10.44546850998464,7.526881720430108,1.5360983102918586,5.990783410138249
P23030,Cellvibrio japonicus (strain Ueda107) (Pseudomonas fluorescens subsp. cellulosa),bacterial,GH10,599,64362.0887,0.09682804674457429,32.64075125208682,-0.3011686143572621,6.365250968933105,0.21368948247078465,0.3606010016694491,0.3606010016694491,,,10.684474123539232,1.1686143572621035,3.5058430717863107,2.671118530884808,2.8380634390651087,8.681135225375627,1.669449081803005,6.010016694490818,1.8363939899833055,5.175292153589315,1.001669449081803,9.84974958263773,3.5058430717863107,5.008347245409015,3.8397328881469117,10.517529215358932,9.015025041736227,6.176961602671119,3.33889816360601,3.5058430717863107
P84195,Gloeophyllum trabeum (Brown rot fungus) (Agaricus trabeus),fungal,GH10,45,4771.2931,0.1111111111111111,31.253333333333334,-0.048888888888888905,4.558112144470216,0.3333333333333333,0.35555555555555557,0.39999999999999997,,,11.11111111111111,0.0,4.444444444444445,2.2222222222222223,2.2222222222222223,8.88888888888889,0.0,0.0,4.444444444444445,11.11111111111111,4.444444444444445,6.666666666666667,4.444444444444445,2.2222222222222223,0.0,11.11111111111111,11.11111111111111,6.666666666666667,2.2222222222222223,6.666666666666667
Q2LMP0,Botryotinia fuckeliana (Noble rot fungus) (Botrytis cinerea),fungal,GH11,227,23823.774699999998,0.1277533039647577,25.280616740088092,-0.19691629955947137,7.798498725891114,0.22466960352422907,0.3656387665198238,0.4052863436123348,,,9.691629955947137,0.0,1.7621145374449338,3.5242290748898677,2.643171806167401,11.894273127753303,0.44052863436123346,3.5242290748898677,3.5242290748898677,5.286343612334802,0.44052863436123346,4.845814977973569,2.643171806167401,3.0837004405286343,2.202643171806167,15.418502202643172,11.45374449339207,7.488986784140969,2.643171806167401,7.488986784140969
Q4P0L3,Mycosarcoma maydis (Corn smut fungus) (Ustilago maydis),fungal,GH11,221,23812.628599999996,0.14932126696832582,28.49909502262442,-0.4828054298642534,8.939524650573734,0.21266968325791855,0.38461538461538464,0.33484162895927605,,,10.407239819004525,0.9049773755656109,2.7149321266968327,2.262443438914027,5.882352941176471,9.502262443438914,1.8099547511312217,1.8099547511312217,4.524886877828054,3.167420814479638,0.9049773755656109,8.144796380090497,3.6199095022624435,4.97737556561086,2.262443438914027,14.479638009049774,7.239819004524887,6.334841628959276,1.8099547511312217,7.239819004524887
Q59674,Cellvibrio japonicus (Pseudomonas fluorescens subsp. cellulosa),bacterial,GH11,661,69192.0882,0.09379727685325265,31.956323751891084,-0.4576399394856278,6.405947685241699,0.1664145234493192,0.44175491679273826,0.3146747352496218,,,6.959152798789712,2.26928895612708,3.3282904689863844,2.118003025718608,2.4205748865355523,14.372163388804841,1.6641452344931922,3.479576399394856,1.361573373676248,4.992435703479576,1.2102874432677762,10.136157337367624,2.571860816944024,5.143721633888048,3.6308623298033282,13.767019667170953,7.413010590015128,6.202723146747353,2.26928895612708,4.689863842662632
V9TS54,Humicola insolens (Soft-rot fungus),fungal,GH11,221,24700.994700000003,0.14479638009049775,34.21769230769231,-0.49819004524886884,8.72768154144287,0.18552036199095023,0.36199095022624433,0.3891402714932127,,,6.787330316742081,0.0,4.524886877828054,3.6199095022624435,2.7149321266968327,12.217194570135746,0.9049773755656109,4.97737556561086,1.8099547511312217,4.97737556561086,1.3574660633484164,7.239819004524887,4.072398190045249,3.167420814479638,7.239819004524887,8.144796380090497,7.239819004524887,7.239819004524887,4.524886877828054,7.239819004524887
V9TXH2,Paenibacillus barcinonensis,bacterial,GH11,210,23145.1996,0.17142857142857143,19.571476190476183,-0.4119047619047619,9.300160789489745,0.14761904761904762,0.38095238095238093,0.4238095238095238,,,5.238095238095238,0.0,2.857142857142857,0.9523809523809523,4.285714285714286,13.333333333333334,0.47619047619047616,2.380952380952381,3.3333333333333335,2.857142857142857,2.380952380952381,9.523809523809524,2.857142857142857,4.285714285714286,2.857142857142857,9.523809523809524,10.476190476190476,9.523809523809524,4.761904761904762,8.095238095238095
B3PIN1,Cellvibrio japonicus (strain Ueda107) (Pseudomonas fluorescens subsp. cellulosa),bacterial,GH11,661,69192.0882,0.09379727685325265,31.956323751891084,-0.4576399394856278,6.405947685241699,0.1664145234493192,0.44175491679273826,0.3146747352496218,,,6.959152798789712,2.26928895612708,3.3282904689863844,2.118003025718608,2.4205748865355523,14.372163388804841,1.6641452344931922,3.479576399394856,1.361573373676248,4.992435703479576,1.2102874432677762,10.136157337367624,2.571860816944024,5.143721633888048,3.6308623298033282,13.767019667170953,7.413010590015128,6.202723146747353,2.26928895612708,4.689863842662632
J7FK35,Aspergillus oryzae (Yellow koji mold),fungal,GH10,473,50360.8876,0.09513742071881606,34.57061310782239,-0.2357293868921776,4.7242525100708,0.26004228329809725,0.33192389006342493,0.36997885835095135,,,11.416490486257928,1.9027484143763214,5.2854122621564485,4.2283298097251585,2.748414376321353,6.976744186046512,1.4799154334038056,4.439746300211416,4.016913319238901,5.919661733615222,0.42283298097251587,4.651162790697675,4.439746300211416,4.651162790697675,1.6913319238900635,11.839323467230445,10.359408033826638,6.765327695560254,2.536997885835095,4.2283298097251585
P14768,Cellvibrio japonicus (strain Ueda107) (Pseudomonas fluorescens subsp. cellulosa),bacterial,GH10,611,64803.3873,0.09165302782324058,42.701816693944465,-0.2875613747954174,6.082761192321777,0.21767594108019642,0.41080196399345337,0.309328968903437,,,10.801963993453356,1.309328968903437,4.4189852700491,2.454991816693944,3.2733224222585924,8.01963993453355,1.309328968903437,4.4189852700491,1.800327332242226,5.237315875613748,1.4729950900163666,7.855973813420622,4.746317512274959,4.4189852700491,4.4189852700491,16.0392798690671,5.237315875613748,6.873977086743044,2.454991816693944,3.436988543371522
Q1K5S8,Neurospora crassa (strain ATCC 24698 / 74-OR23-1A / CBS 708.71 / DSM 1257 / FGSC 987),fungal,GH11,293,30776.052200000002,0.1296928327645051,22.902423208191134,-0.48737201365187716,8.466326713562015,0.14675767918088736,0.40273037542662116,0.3651877133105802,,,6.484641638225256,2.04778156996587,2.04778156996587,2.04778156996587,3.0716723549488054,17.747440273037544,1.023890784982935,2.7303754266211606,1.7064846416382253,3.4129692832764507,1.023890784982935,6.484641638225256,3.7542662116040955,5.460750853242321,3.4129692832764507,10.238907849829351,12.286689419795222,5.1194539249146755,3.4129692832764507,6.484641638225256
Q21G61,Saccharophagus degradans (strain 2-40 / ATCC 43961 / DSM 17024),bacterial,GH11,767,80783.6335,0.09256844850065189,27.05868318122554,-0.5413298565840938,4.607050514221191,0.16036505867014342,0.4250325945241199,0.3376792698826597,,,6.388526727509778,1.955671447196871,4.563233376792699,3.1290743155149934,1.955671447196871,13.95045632333768,1.694915254237288,4.432855280312907,0.9126466753585397,4.041720990873533,1.5645371577574967,9.908735332464145,1.8252933507170794,5.215123859191656,2.8683181225554106,12.25554106910039,10.821382007822686,5.215123859191656,2.346805736636245,4.954367666232073
Q8VP72,Cellvibrio japonicus (Pseudomonas fluorescens subsp. cellulosa),bacterial,GH11,357,37911.552800000005,0.11764705882352941,32.80117647058824,-0.4840336134453782,8.669659996032717,0.14565826330532214,0.42857142857142855,0.3557422969187675,,,5.882352941176471,1.4005602240896358,3.361344537815126,1.680672268907563,2.5210084033613445,14.005602240896359,0.8403361344537815,4.761904761904762,2.2408963585434174,3.9215686274509802,0.8403361344537815,8.96358543417367,1.4005602240896358,4.761904761904762,3.9215686274509802,15.126050420168067,9.243697478991596,5.882352941176471,2.5210084033613445,6.722689075630252
Q96UV7,Lentinula edodes (Shiitake mushroom) (Lentinus edodes),fungal,GH11,283,29473.8211,0.12367491166077738,29.285194346289746,-0.2346289752650177,4.550041007995605,0.1413427561837456,0.3957597173144876,0.431095406360424,,,4.946996466431095,2.1201413427561837,2.8268551236749118,2.4734982332155475,2.1201413427561837,15.547703180212014,1.0600706713780919,3.8869257950530036,1.0600706713780919,4.593639575971731,1.0600706713780919,4.593639575971731,5.6537102473498235,3.1802120141342756,1.4134275618374559,10.954063604240282,15.901060070671377,6.360424028268551,2.1201413427561837,8.12720848056537
U5HTZ3,Gloeophyllum trabeum (Brown rot fungus) (Agaricus trabeus),fungal,GH10,396,41812.4407,0.09090909090909091,31.210378787878778,-0.06565656565656566,5.940493202209471,0.25757575757575757,0.32575757575757575,0.3813131313131313,,,11.363636363636363,2.272727272727273,5.05050505050505,1.7676767676767677,3.0303030303030303,9.595959595959595,1.2626262626262625,5.05050505050505,4.292929292929293,7.070707070707071,1.2626262626262625,5.555555555555555,4.292929292929293,5.303030303030303,1.7676767676767677,8.080808080808081,10.1010101010101,6.818181818181818,2.272727272727273,3.787878787878788
A0A024FRL8,Irpex lacteus (Milk-white toothed polypore) (Polyporus tulipiferae),fungal,GH10,382,39971.333,0.09162303664921466,31.71782722513088,0.07329842931937172,6.0748605728149405,0.2617801047120419,0.337696335078534,0.3743455497382199,,,12.827225130890053,1.5706806282722514,4.712041884816754,1.8324607329842932,4.712041884816754,8.638743455497382,1.0471204188481675,3.4031413612565444,3.4031413612565444,7.0680628272251305,1.0471204188481675,6.282722513089006,4.18848167539267,4.450261780104712,2.6178010471204187,9.947643979057592,8.115183246073299,9.68586387434555,1.8324607329842932,2.6178010471204187
A0A024FRX8,Irpex lacteus (Milk-white toothed polypore) (Polyporus tulipiferae),fungal,GH10,383,40181.4718,0.09138381201044388,31.862167101827666,0.03159268929503916,5.801578712463378,0.2558746736292428,0.33942558746736295,0.3759791122715405,,,12.010443864229766,1.566579634464752,4.699738903394256,2.088772845953003,4.438642297650131,8.616187989556137,1.0443864229765014,3.6553524804177546,3.6553524804177546,6.788511749347259,1.0443864229765014,6.266318537859008,3.91644908616188,4.699738903394256,2.349869451697128,10.443864229765014,8.355091383812011,9.660574412532638,1.8276762402088773,2.8720626631853787
A0A024FS83,Irpex lacteus (Milk-white toothed polypore) (Polyporus tulipiferae),fungal,GH10,398,42553.3211,0.10301507537688442,29.24349246231155,-0.010552763819095487,4.783137702941894,0.271356783919598,0.314070351758794,0.37688442211055273,,,11.809045226130653,2.2613065326633164,5.276381909547739,2.2613065326633164,4.522613065326633,7.5376884422110555,0.7537688442211056,4.0201005025125625,3.7688442211055277,7.035175879396985,2.2613065326633164,5.276381909547739,4.0201005025125625,6.28140703517588,1.5075376884422111,9.296482412060302,9.045226130653266,7.28643216080402,2.763819095477387,3.0150753768844223
A0A024FSH9,Irpex lacteus (Milk-white toothed polypore) (Polyporus tulipiferae),fungal,GH10,404,42897.0231,0.09900990099009901,31.883440594059397,-0.08539603960396042,4.492633628845215,0.23267326732673269,0.35148514851485146,0.3886138613861386,,,9.653465346534654,1.9801980198019802,4.9504950495049505,2.4752475247524752,3.217821782178218,8.168316831683168,1.2376237623762376,5.198019801980198,2.722772277227723,7.425742574257426,0.9900990099009901,4.9504950495049505,4.455445544554456,5.9405940594059405,0.9900990099009901,12.623762376237623,10.396039603960396,5.9405940594059405,3.217821782178218,3.4653465346534653
A0A059P9J8,Gloeophyllum trabeum (Brown rot fungus) (Agaricus trabeus),fungal,GH10,351,37931.1541,0.09401709401709402,28.083789173789164,-0.09743589743589745,4.572833442687989,0.29914529914529914,0.28774928774928776,0.4131054131054131,,,11.68091168091168,1.1396011396011396,5.128205128205129,4.5584045584045585,2.2792022792022792,6.837606837606837,0.8547008547008547,4.843304843304844,3.7037037037037037,8.262108262108262,1.7094017094017093,5.982905982905983,5.128205128205129,4.273504273504273,1.9943019943019944,5.698005698005698,11.396011396011396,7.407407407407407,2.849002849002849,4.273504273504273
A0A075WJH8,Malbranchea pulchella,fungal,GH10,396,42587.685,0.10606060606060606,28.68840909090909,-0.2080808080808081,4.556236457824707,0.2702020202020202,0.34090909090909094,0.3611111111111111,45,3.5,11.363636363636363,2.525252525252525,6.565656565656566,4.040404040404041,3.0303030303030303,8.83838383838384,2.0202020202020203,4.545454545454546,3.282828282828283,7.3232323232323235,1.0101010101010102,6.0606060606060606,4.797979797979798,3.5353535353535355,2.0202020202020203,7.828282828282828,7.828282828282828,5.808080808080808,3.0303030303030303,4.545454545454546
A0A0C4K5J5,Papiliotrema flavescens,fungal,GH10,344,38408.5756,0.12209302325581396,30.89566860465116,-0.2523255813953489,4.653090095520019,0.29941860465116277,0.30523255813953487,0.37790697674418605,,,10.465116279069768,1.4534883720930232,8.430232558139535,4.941860465116279,4.069767441860465,6.976744186046512,2.616279069767442,6.104651162790698,4.941860465116279,8.430232558139535,1.1627906976744187,6.104651162790698,4.941860465116279,3.7790697674418605,2.3255813953488373,4.069767441860465,4.941860465116279,6.104651162790698,2.616279069767442,5.523255813953488
A0A0F9XA32,Trichoderma harzianum (Hypocrea lixii),fungal,GH11,221,23850.760499999997,0.14932126696832576,19.08013574660632,-0.3380090497737557,7.87437801361084,0.16289592760180996,0.39819004524886875,0.39819004524886875,,,6.334841628959276,0.0,1.8099547511312217,3.167420814479638,4.072398190045249,13.574660633484163,1.8099547511312217,4.97737556561086,2.262443438914027,3.6199095022624435,0.9049773755656109,9.049773755656108,3.167420814479638,2.7149321266968327,3.167420814479638,12.217194570135746,8.597285067873303,7.6923076923076925,2.7149321266968327,8.144796380090497
A0A0K3A1E7,Xanthomonas graminis pv. arrhenatheri LMG 727,bacterial,GH10,404,44544.2138,0.09653465346534654,29.301732673267317,-0.2141089108910891,7.134850883483887,0.34405940594059403,0.2623762376237624,0.3193069306930693,,,16.08910891089109,0.49504950495049505,8.415841584158416,3.217821782178218,4.455445544554456,7.673267326732673,2.227722772277228,3.217821782178218,4.207920792079208,8.168316831683168,2.722772277227723,2.9702970297029703,5.198019801980198,5.445544554455446,7.425742574257426,1.9801980198019802,2.9702970297029703,7.920792079207921,2.227722772277228,2.9702970297029703
A0A0K3A9X5,Xanthomonas graminis pv. poae,bacterial,GH10,403,44466.2062,0.09925558312655088,28.88238213399503,-0.19851116625310175,8.763783836364745,0.33250620347394544,0.2655086848635236,0.33250620347394544,,,15.632754342431761,0.24813895781637718,8.436724565756824,2.729528535980149,4.4665012406947895,7.6923076923076925,1.9851116625310175,3.4739454094292803,4.218362282878412,7.94044665012407,2.729528535980149,2.977667493796526,5.459057071960298,4.962779156327543,7.6923076923076925,1.9851116625310175,3.7220843672456576,8.188585607940446,2.2332506203473947,3.225806451612903
A0A0S3G5Y8,Bacillus sp. SC-2014,bacterial,GH11,194,21156.827,0.15979381443298968,21.518041237113394,-0.4536082474226804,9.051054954528809,0.15463917525773196,0.3814432989690722,0.42783505154639173,,,7.216494845360825,0.0,3.0927835051546393,1.0309278350515463,2.577319587628866,13.402061855670103,1.5463917525773196,3.6082474226804124,2.0618556701030926,3.6082474226804124,1.5463917525773196,8.762886597938145,3.0927835051546393,2.0618556701030926,3.6082474226804124,9.793814432989691,13.402061855670103,6.185567010309279,5.154639175257732,8.24742268041237
A0A0U2V335,Thermoactinospora rubra,bacterial,GH10,412,46116.6821,0.0970873786407767,36.8175,-0.21990291262135925,5.053804969787596,0.28398058252427183,0.279126213592233,0.3859223300970874,,,8.980582524271844,0.970873786407767,8.009708737864077,6.553398058252427,4.611650485436893,8.009708737864077,3.1553398058252426,4.611650485436893,1.941747572815534,8.737864077669903,2.1844660194174756,1.6990291262135921,7.038834951456311,1.941747572815534,7.766990291262136,3.1553398058252426,7.766990291262136,7.766990291262136,2.912621359223301,2.1844660194174756
A0A173M083,Ruminiclostridium josui (Clostridium josui),bacterial,GH10,541,59886.05769999999,0.11275415896487985,27.128835489833655,-0.25046210720887246,5.2216505050659165,0.29390018484288355,0.3290203327171904,0.36968576709796674,,,8.133086876155268,2.033271719038817,6.654343807763401,4.621072088724584,4.251386321626617,8.502772643253234,1.1090573012939002,7.393715341959335,7.024029574861368,8.133086876155268,1.478743068391867,6.839186691312385,4.251386321626617,3.512014787430684,2.2181146025878005,6.654343807763401,5.360443622920518,4.805914972273568,2.957486136783734,4.066543438077634
A0A1X9RHS0,Paenibacillus amylolyticus,bacterial,GH10,333,38731.1001,0.11711711711711711,47.40093093093092,-0.4687687687687688,5.323562812805175,0.3123123123123123,0.24924924924924927,0.37537537537537535,,,7.5075075075075075,0.0,6.606606606606607,8.70870870870871,5.405405405405405,4.504504504504505,4.2042042042042045,5.7057057057057055,4.504504504504505,7.807807807807808,2.7027027027027026,4.2042042042042045,3.903903903903904,3.903903903903904,6.006006006006006,5.7057057057057055,5.7057057057057055,6.606606606606607,2.7027027027027026,3.6036036036036037
A0A286N5W6,Paenibacillus massiliensis subsp. panacisoli,bacterial,GH10,902,98762.3606,0.0942350332594235,33.004911308204115,-0.3501108647450111,4.7145898818969725,0.270509977827051,0.32483370288248337,0.369179600886918,,,10.088691796008868,0.0,6.208425720620842,4.988913525498892,3.2150776053215075,7.206208425720621,1.8847006651884701,5.210643015521065,2.882483370288248,7.427937915742794,1.6629711751662972,6.651884700665189,5.5432372505543235,5.4323725055432375,3.658536585365854,6.873614190687362,8.093126385809313,6.762749445676275,1.9955654101995566,4.212860310421286
A0A291B2R6,Humicola insolens (Soft-rot fungus),fungal,GH11,227,25614.6671,0.16740088105726872,32.517268722466945,-0.7004405286343612,8.615957832336427,0.15418502202643172,0.34801762114537443,0.3744493392070484,,,6.167400881057269,0.0,3.5242290748898677,2.643171806167401,3.9647577092511015,12.334801762114537,2.202643171806167,3.5242290748898677,2.202643171806167,3.0837004405286343,1.3215859030837005,7.488986784140969,3.9647577092511015,8.370044052863436,4.845814977973569,7.488986784140969,7.048458149779735,7.048458149779735,3.5242290748898677,9.251101321585903
A0A291B2S7,Humicola insolens (Soft-rot fungus),fungal,GH11,294,31091.3274,0.12244897959183673,23.2438775510204,-0.6551020408163265,8.702732276916507,0.14965986394557823,0.43537414965986393,0.31972789115646255,,,6.802721088435374,2.0408163265306123,2.380952380952381,2.380952380952381,2.7210884353741496,18.707482993197278,1.3605442176870748,2.0408163265306123,1.0204081632653061,3.741496598639456,1.0204081632653061,10.204081632653061,5.1020408163265305,4.761904761904762,5.1020408163265305,7.142857142857143,8.503401360544217,5.442176870748299,3.401360544217687,6.122448979591836
A0A291B2W8,Humicola insolens (Soft-rot fungus),fungal,GH11,227,24999.4456,0.13656387665198239,31.323788546255496,-0.47665198237885464,8.489664268493652,0.21145374449339208,0.31277533039647576,0.3700440528634361,,,7.929515418502203,0.8810572687224669,1.7621145374449338,5.286343612334802,3.0837004405286343,14.537444933920705,1.7621145374449338,3.5242290748898677,2.202643171806167,3.9647577092511015,1.7621145374449338,4.845814977973569,4.405286343612334,6.167400881057269,5.726872246696035,5.726872246696035,8.370044052863436,7.488986784140969,4.405286343612334,6.167400881057269
A0A291NUE5,Bacillus licheniformis,bacterial,GH11,213,23478.6322,0.16431924882629106,23.657276995305157,-0.447887323943662,9.645646858215333,0.18309859154929578,0.3755868544600939,0.41314553990610325,50,6.0,6.572769953051643,0.0,2.347417840375587,1.408450704225352,3.755868544600939,12.206572769953052,1.408450704225352,3.2863849765258215,4.694835680751174,4.225352112676056,1.408450704225352,8.92018779342723,2.816901408450704,2.347417840375587,3.2863849765258215,11.267605633802816,10.328638497652582,7.042253521126761,5.164319248826291,7.511737089201878
A0A291NUI0,Bacillus subtilis,bacterial,GH11,213,23358.412600000003,0.1596244131455399,15.86619718309859,-0.4281690140845071,9.442055702209473,0.17370892018779344,0.38028169014084506,0.4225352112676056,100,5.0,6.572769953051643,0.0,3.2863849765258215,0.9389671361502347,3.755868544600939,12.206572769953052,0.9389671361502347,2.816901408450704,3.755868544600939,4.225352112676056,1.8779342723004695,8.92018779342723,2.816901408450704,2.347417840375587,3.2863849765258215,10.7981220657277,12.206572769953052,7.042253521126761,5.164319248826291,7.042253521126761
A0A2D0WJC8,Evansstolkia leycettana,fungal,GH11,217,23412.9231,0.16129032258064516,24.888479262672803,-0.4552995391705069,4.630866050720214,0.1705069124423963,0.423963133640553,0.3870967741935484,60,,4.608294930875576,0.4608294930875576,2.304147465437788,4.608294930875576,4.147465437788019,13.824884792626728,0.9216589861751152,2.7649769585253456,1.8433179723502304,4.147465437788019,1.8433179723502304,7.8341013824884795,2.7649769585253456,2.7649769585253456,1.8433179723502304,15.668202764976959,9.67741935483871,5.990783410138249,2.7649769585253456,9.216589861751151
A0A2L1GH36,Caldicoprobacter sp,bacterial,GH11,380,41699.2869,0.12631578947368421,16.2058947368421,-0.19631578947368422,8.38522548675537,0.19736842105263158,0.33157894736842103,0.4421052631578947,,,6.842105263157895,1.5789473684210527,3.9473684210526314,2.1052631578947367,2.8947368421052633,9.473684210526315,0.7894736842105263,5.7894736842105265,2.6315789473684212,6.578947368421052,1.5789473684210527,7.368421052631579,5.0,2.8947368421052633,4.2105263157894735,7.368421052631579,12.368421052631579,6.842105263157895,2.6315789473684212,7.105263157894737
A0A2L1GIZ3,Penicillium sp,fungal,GH11,218,23617.0298,0.1513761467889908,20.971559633027507,-0.45137614678899085,4.22253475189209,0.1605504587155963,0.4036697247706422,0.40825688073394495,,,4.587155963302752,0.45871559633027525,5.963302752293578,4.128440366972477,4.128440366972477,12.385321100917432,1.3761467889908257,3.669724770642202,1.834862385321101,4.128440366972477,1.3761467889908257,5.045871559633028,2.293577981651376,3.2110091743119265,1.834862385321101,14.678899082568808,11.926605504587156,5.963302752293578,2.7522935779816513,8.256880733944953
A0A2P0ZW24,Paenibacillus woosongensis,bacterial,GH10,481,51936.0809,0.11434511434511435,21.82349272349272,-0.3070686070686071,7.724384880065918,0.25363825363825365,0.36798336798336795,0.35550935550935553,,,9.355509355509355,0.2079002079002079,4.365904365904366,2.494802494802495,2.9106029106029108,10.81081081081081,1.4553014553014554,4.98960498960499,4.98960498960499,6.652806652806653,1.8711018711018712,7.484407484407485,2.9106029106029108,5.197505197505198,2.079002079002079,11.226611226611226,6.237006237006237,6.237006237006237,3.95010395010395,4.573804573804574
A0A2Z5XER4,Penicillium sp,fungal,GH10,404,42768.1713,0.09653465346534654,28.416113861386133,-0.0972772277227723,5.064263343811034,0.27722772277227725,0.297029702970297,0.4034653465346535,,,12.623762376237623,2.4752475247524752,4.9504950495049505,2.227722772277228,2.227722772277228,8.168316831683168,1.2376237623762376,3.9603960396039604,4.455445544554456,7.425742574257426,0.9900990099009901,5.198019801980198,3.217821782178218,5.198019801980198,0.7425742574257426,8.168316831683168,13.118811881188119,6.188118811881188,2.9702970297029703,4.455445544554456
A0A3Q8TLG0,Thermobifida fusca (Thermomonospora fusca),bacterial,GH10,478,53806.4271,0.09832635983263599,42.91612970711297,-0.597489539748954,5.20727024078369,0.29497907949790797,0.3158995815899581,0.33263598326359833,,,8.158995815899582,0.8368200836820083,8.158995815899582,6.903765690376569,3.7656903765690375,7.322175732217573,3.5564853556485354,4.811715481171548,5.02092050209205,8.158995815899582,1.2552301255230125,3.9748953974895396,7.112970711297071,3.9748953974895396,5.439330543933054,5.02092050209205,5.02092050209205,5.439330543933054,1.8828451882845187,4.184100418410042
A0A411KZA6,Allostreptomyces psammosilenae,bacterial,GH10,495,52445.555,0.08888888888888889,26.293333333333326,-0.21494949494949497,5.551543998718262,0.26666666666666666,0.3191919191919192,0.3515151515151515,,,14.94949494949495,0.8080808080808081,4.646464646464646,2.6262626262626263,3.0303030303030303,10.303030303030303,1.2121212121212122,3.4343434343434343,1.0101010101010102,6.8686868686868685,1.2121212121212122,7.6767676767676765,5.05050505050505,6.0606060606060606,5.05050505050505,4.242424242424242,8.88888888888889,7.070707070707071,2.6262626262626263,3.2323232323232323
A0A4D6DK93,Streptomyces ipomoeae,bacterial,GH10,330,36685.8377,0.10303030303030303,32.50939393939395,-0.3624242424242424,7.206638526916504,0.3060606060606061,0.26363636363636367,0.3515151515151515,75 - 80,6.5,12.121212121212121,0.6060606060606061,6.0606060606060606,5.757575757575758,3.3333333333333335,9.393939393939394,2.121212121212121,3.0303030303030303,3.0303030303030303,8.181818181818182,1.5151515151515151,2.4242424242424243,3.9393939393939394,4.545454545454546,8.787878787878787,4.545454545454546,5.757575757575758,7.878787878787879,2.727272727272727,4.242424242424242
A0A5P6VQ80,Pseudobutyrivibrio xylanivorans,bacterial,GH10,694,76443.6331,0.11527377521613832,16.463559077809798,-0.4403458213256484,8.638134956359863,0.2507204610951009,0.3357348703170029,0.3919308357348703,,5.6,6.772334293948127,1.0086455331412103,4.322766570605188,3.170028818443804,3.025936599423631,7.780979827089337,1.0086455331412103,4.034582132564841,7.204610951008646,5.9077809798270895,2.0172910662824206,8.93371757925072,4.322766570605188,4.755043227665706,1.2968299711815563,8.213256484149856,9.798270893371757,7.92507204610951,2.161383285302594,6.340057636887608
A0A5P6VU75,Pseudobutyrivibrio xylanivorans,bacterial,GH10,1295,143683.3278,0.09111969111969112,31.09946718146738,-0.6131274131274131,4.602503395080566,0.3335907335907336,0.31351351351351353,0.3366795366795367,,5.6,7.258687258687258,0.7722007722007722,8.494208494208495,10.193050193050192,3.552123552123552,7.181467181467181,1.3127413127413128,4.015444015444015,9.266409266409266,4.864864864864865,1.776061776061776,5.019305019305019,3.2432432432432434,2.3166023166023164,2.0849420849420848,7.413127413127413,6.254826254826255,9.420849420849422,1.6216216216216217,3.9382239382239383
A0A6B9D8N2,Aspergillus sulphureus,fungal,GH11,216,23202.8328,0.1388888888888889,19.012083333333322,-0.46898148148148144,4.938819694519042,0.20833333333333334,0.4027777777777778,0.3703703703703704,50,5.0,7.407407407407407,0.0,2.7777777777777777,4.62962962962963,4.166666666666667,12.962962962962964,0.9259259259259259,4.166666666666667,3.240740740740741,5.092592592592593,0.46296296296296297,9.25925925925926,3.240740740740741,4.166666666666667,1.8518518518518519,12.037037037037036,8.333333333333334,5.555555555555555,2.7777777777777777,6.944444444444445
A0A7G1PUW3,Pestalotiopsis sp. AN 7,fungal,GH10,328,35274.306899999996,0.08536585365853659,23.96036585365853,-0.09329268292682927,6.519170951843263,0.3231707317073171,0.2835365853658537,0.38414634146341464,,,14.329268292682928,1.2195121951219512,5.7926829268292686,3.048780487804878,2.7439024390243905,5.7926829268292686,1.524390243902439,4.878048780487805,5.487804878048781,8.536585365853659,0.9146341463414634,6.097560975609756,3.048780487804878,3.658536585365854,3.048780487804878,7.621951219512195,9.451219512195122,7.012195121951219,2.7439024390243905,3.048780487804878
A0A7M3UE38,Cladosporium tianshanense,fungal,GH10,352,39177.0599,0.10795454545454546,36.88957386363636,-0.37073863636363635,8.65012607574463,0.34375,0.26988636363636365,0.36079545454545453,,,11.363636363636363,1.1363636363636365,5.3977272727272725,6.25,4.829545454545454,7.1022727272727275,1.9886363636363635,5.113636363636363,8.238636363636363,6.818181818181818,1.7045454545454546,5.681818181818182,4.545454545454546,1.7045454545454546,4.545454545454546,4.261363636363637,7.386363636363637,5.965909090909091,2.272727272727273,3.6931818181818183
A0A8D5NM93,Streptomyces thermogriseus,bacterial,GH10,477,51194.3325,0.08385744234800839,26.950524109014673,-0.3549266247379455,7.022480201721191,0.2557651991614256,0.33962264150943394,0.3249475890985325,,,11.530398322851154,2.0964360587002098,6.079664570230608,2.7253668763102725,2.7253668763102725,10.69182389937107,1.4675052410901468,3.1446540880503147,3.1446540880503147,6.7085953878406706,1.4675052410901468,7.127882599580713,3.3542976939203353,5.450733752620545,5.660377358490566,6.7085953878406706,6.7085953878406706,7.547169811320755,2.7253668763102725,2.9350104821802936
A0A8D5NPL2,Streptomyces thermogriseus,bacterial,GH11,331,35420.4376,0.12084592145015105,23.653504531722064,-0.3894259818731118,9.199396705627443,0.16314199395770393,0.3957703927492447,0.3806646525679758,,,7.2507552870090635,0.9063444108761329,3.323262839879154,1.2084592145015105,2.416918429003021,13.595166163141993,0.9063444108761329,3.6253776435045317,1.2084592145015105,4.229607250755287,2.416918429003021,7.854984894259819,3.0211480362537766,3.323262839879154,5.13595166163142,11.782477341389727,11.782477341389727,6.3444108761329305,3.9274924471299095,5.740181268882175
A0A8E4VW23,Aspergillus sulphureus,fungal,GH10,404,43708.3996,0.09900990099009901,28.53269801980198,-0.26534653465346536,6.16659870147705,0.26485148514851486,0.31683168316831684,0.3886138613861386,50,5.0,9.900990099009901,2.227722772277228,5.198019801980198,2.9702970297029703,2.227722772277228,7.920792079207921,1.7326732673267327,3.9603960396039604,5.693069306930693,7.425742574257426,0.49504950495049505,6.435643564356436,4.702970297029703,4.702970297029703,1.7326732673267327,7.425742574257426,9.900990099009901,7.673267326732673,3.217821782178218,4.455445544554456
A0A8H8R2B4,Lachnellula hyalina,fungal,GH11,223,23398.1329,0.13004484304932734,18.681210762331833,-0.16681614349775786,4.984575080871582,0.21973094170403587,0.3632286995515695,0.3991031390134529,,,11.659192825112108,0.0,2.690582959641256,3.587443946188341,3.587443946188341,11.659192825112108,2.242152466367713,3.587443946188341,0.8968609865470852,4.484304932735426,1.345291479820628,5.829596412556054,3.587443946188341,1.7937219730941705,2.242152466367713,12.556053811659194,12.556053811659194,6.278026905829597,2.690582959641256,6.726457399103139
A0A8H8S0Y0,Lachnellula occidentalis,fungal,GH11,223,23370.0829,0.13004484304932734,19.52022421524663,-0.2085201793721973,4.954620933532714,0.2242152466367713,0.3721973094170404,0.37668161434977576,,,12.556053811659194,0.0,3.587443946188341,2.690582959641256,3.587443946188341,11.659192825112108,1.7937219730941705,3.1390134529147984,1.345291479820628,4.484304932735426,1.345291479820628,5.829596412556054,3.587443946188341,3.1390134529147984,2.242152466367713,12.556053811659194,10.762331838565023,6.278026905829597,2.690582959641256,6.726457399103139
A0A8T9BDL5,Lachnellula arida,fungal,GH11,223,23480.1674,0.13004484304932734,16.88340807174887,-0.22556053811659194,4.74272518157959,0.22869955156950672,0.3542600896860987,0.3991031390134529,,,12.10762331838565,0.0,4.0358744394618835,3.587443946188341,3.1390134529147984,11.659192825112108,2.242152466367713,3.587443946188341,1.345291479820628,4.932735426008969,0.8968609865470852,4.932735426008969,3.587443946188341,2.242152466367713,2.242152466367713,11.210762331838565,12.556053811659194,5.829596412556054,2.690582959641256,7.174887892376682
A0A8T9CAR3,Lachnellula suecica,fungal,GH11,166,18070.026,0.12650602409638553,34.0072891566265,-0.21385542168674698,8.546783256530762,0.27710843373493976,0.3253012048192771,0.37349397590361444,,,10.240963855421686,1.2048192771084338,3.0120481927710845,3.6144578313253013,3.6144578313253013,9.63855421686747,1.2048192771084338,3.0120481927710845,3.6144578313253013,7.228915662650603,3.0120481927710845,4.819277108433735,3.0120481927710845,3.0120481927710845,4.216867469879518,12.048192771084338,9.036144578313253,5.421686746987952,3.6144578313253013,5.421686746987952
A0A9P5GH10,Penicillium crustosum (Blue mold fungus),fungal,GH10,360,40406.949199999995,0.12777777777777777,38.315333333333314,-0.27611111111111114,5.152989006042478,0.30833333333333335,0.25277777777777777,0.3888888888888889,,,10.833333333333334,1.6666666666666667,6.944444444444445,4.722222222222222,5.277777777777778,6.388888888888889,1.3888888888888888,4.444444444444445,6.111111111111111,7.777777777777778,1.3888888888888888,5.0,2.2222222222222223,6.666666666666667,3.0555555555555554,4.722222222222222,6.944444444444445,6.944444444444445,1.9444444444444444,5.555555555555555
A0AAV9NYM1,Saxophila tyrrhenica,fungal,GH11,282,29128.178400000004,0.11702127659574467,30.721631205673745,-0.2322695035460993,4.33376865386963,0.2127659574468085,0.400709219858156,0.35460992907801414,,,10.99290780141844,0.7092198581560284,4.25531914893617,4.25531914893617,3.1914893617021276,13.47517730496454,0.7092198581560284,3.5460992907801416,1.4184397163120568,3.5460992907801416,1.0638297872340425,3.900709219858156,4.964539007092198,2.8368794326241136,2.482269503546099,13.47517730496454,9.929078014184396,6.73758865248227,2.482269503546099,6.028368794326241
A0AAW8VCD8,Bacteroides cellulosilyticus,bacterial,GH10,716,81122.8094,0.1187150837988827,32.8848184357542,-0.5043296089385475,6.614262580871583,0.2849162011173184,0.30586592178770955,0.3505586592178771,,,6.70391061452514,0.8379888268156425,7.122905027932961,5.307262569832402,4.748603351955308,8.659217877094973,2.9329608938547485,5.865921787709497,7.5418994413407825,5.865921787709497,3.0726256983240225,5.446927374301676,4.329608938547486,3.631284916201117,4.329608938547486,5.027932960893855,4.888268156424581,6.564245810055866,1.675977653631285,5.446927374301676
A0ABM8UZ22,Thermobacillus xylanilyticus,bacterial,GH10,1474,160427.40709999998,0.08751696065128901,30.359029850746452,-0.3346675712347354,4.622056007385253,0.2930800542740841,0.32632293080054275,0.36092265943012214,,,10.312075983717774,0.0,8.005427408412483,6.241519674355495,2.985074626865672,8.7516960651289,1.6282225237449117,5.4274084124830395,4.07055630936228,7.3270013568521035,1.3568521031207599,5.020352781546811,5.223880597014926,3.2564450474898234,4.409769335142469,5.630936227951153,6.852103120759837,7.734056987788331,1.7639077340569878,4.002713704206242
A0ABM8V1H3,Thermobacillus xylanilyticus,bacterial,GH11,210,23571.7195,0.18571428571428572,11.593333333333334,-0.4228571428571428,9.097149848937988,0.19047619047619047,0.35714285714285715,0.3952380952380952,,,8.571428571428571,0.0,2.857142857142857,1.4285714285714286,2.380952380952381,11.428571428571429,1.4285714285714286,2.380952380952381,2.857142857142857,3.8095238095238093,2.380952380952381,8.571428571428571,2.857142857142857,4.761904761904762,3.3333333333333335,10.0,5.714285714285714,9.047619047619047,6.190476190476191,10.0
A0ABN7RUD1,Thermobacillus xylanilyticus,bacterial,GH11,210,23348.833,0.14285714285714285,25.010952380952375,-0.24190476190476193,7.986101722717286,0.2571428571428572,0.3190476190476191,0.3761904761904762,,,11.904761904761905,0.0,4.285714285714286,2.857142857142857,3.3333333333333335,10.476190476190476,1.9047619047619047,2.857142857142857,1.9047619047619047,7.142857142857143,1.9047619047619047,7.142857142857143,3.8095238095238093,4.285714285714286,5.714285714285714,6.190476190476191,4.761904761904762,8.571428571428571,6.190476190476191,4.761904761904762
A0ABN7S7D7,Thermobacillus xylanilyticus,bacterial,GH10,445,49048.3566,0.07865168539325842,38.24494382022473,-0.36943820224719104,4.600741386413574,0.33932584269662924,0.31910112359550563,0.3146067415730337,,,11.460674157303371,0.0,9.213483146067416,8.314606741573034,3.3707865168539324,7.640449438202247,2.247191011235955,6.51685393258427,4.49438202247191,7.415730337078652,2.247191011235955,3.595505617977528,6.51685393258427,2.4719101123595504,5.393258426966292,4.943820224719101,3.146067415730337,6.51685393258427,2.247191011235955,2.247191011235955
A0ABN7S882,Thermobacillus xylanilyticus,bacterial,GH10,429,47939.9598,0.08158508158508158,36.193706293706306,-0.49627039627039626,4.725787162780762,0.372960372960373,0.2703962703962704,0.30303030303030304,,,13.053613053613054,0.2331002331002331,7.925407925407925,9.79020979020979,3.9627039627039626,6.0606060606060606,2.331002331002331,4.195804195804196,4.195804195804196,7.6923076923076925,2.5641025641025643,3.9627039627039626,5.128205128205129,3.9627039627039626,6.526806526806527,3.9627039627039626,3.9627039627039626,6.293706293706293,1.8648018648018647,2.331002331002331
A0ABN7S928,Thermobacillus xylanilyticus,bacterial,GH10,334,38540.9679,0.11976047904191617,37.60392215568862,-0.4988023952095808,5.541824531555174,0.3473053892215569,0.23353293413173654,0.3473053892215569,,,11.377245508982035,0.5988023952095808,6.88622754491018,8.982035928143713,4.491017964071856,5.9880239520958085,3.2934131736526946,4.191616766467066,4.790419161676646,7.485029940119761,2.095808383233533,3.2934131736526946,4.191616766467066,2.9940119760479043,7.7844311377245505,2.9940119760479043,4.191616766467066,6.88622754491018,3.2934131736526946,4.191616766467066
A5H0S3,Bacillus licheniformis,bacterial,GH11,213,23401.591399999998,0.1596244131455399,24.426291079812195,-0.45774647887323944,9.696641349792483,0.18779342723004694,0.38028169014084506,0.4084507042253521,50,6.0,6.572769953051643,0.0,2.347417840375587,1.408450704225352,3.2863849765258215,12.206572769953052,1.408450704225352,3.2863849765258215,5.164319248826291,4.225352112676056,1.408450704225352,8.450704225352112,3.2863849765258215,1.8779342723004695,3.2863849765258215,11.737089201877934,10.328638497652582,7.042253521126761,5.164319248826291,7.511737089201878
A7TVD4,Streptomyces fradiae (Streptomyces roseoflavus),bacterial,GH10,478,51143.3806,0.08786610878661087,33.05523012552302,-0.3389121338912134,8.27066516876221,0.26569037656903766,0.32426778242677823,0.32217573221757323,60,7.8,13.598326359832637,2.092050209205021,6.066945606694561,2.301255230125523,2.719665271966527,10.460251046025105,1.4644351464435146,2.928870292887029,2.928870292887029,6.2761506276150625,1.4644351464435146,5.648535564853557,4.184100418410042,5.439330543933054,6.066945606694561,6.066945606694561,7.531380753138075,6.694560669456067,3.1380753138075312,2.928870292887029
B1A3N2,Paenibacillus curdlanolyticus,bacterial,GH10,1276,138238.1047,0.09090909090909091,22.06999216300951,-0.3906739811912226,4.743464088439941,0.28605015673981193,0.3377742946708464,0.3605015673981191,,7.0,9.87460815047022,0.0,8.150470219435737,5.015673981191223,3.3699059561128526,8.5423197492163,1.64576802507837,4.858934169278997,5.721003134796239,6.347962382445141,1.64576802507837,6.347962382445141,3.134796238244514,3.4482758620689653,2.8213166144200628,7.601880877742946,8.072100313479623,7.6802507836990594,1.4890282131661443,4.231974921630094
B3PC74,Cellvibrio japonicus (strain Ueda107) (Pseudomonas fluorescens subsp. cellulosa),bacterial,GH10,378,43262.0309,0.09523809523809523,33.28280423280423,-0.4031746031746032,6.9348344802856445,0.3492063492063492,0.25396825396825395,0.35714285714285715,,,8.994708994708995,0.26455026455026454,7.142857142857143,5.8201058201058204,3.9682539682539684,5.291005291005291,3.7037037037037037,6.349206349206349,7.407407407407407,10.052910052910052,2.6455026455026456,3.7037037037037037,4.761904761904762,4.761904761904762,5.291005291005291,4.497354497354498,4.497354497354498,5.291005291005291,2.380952380952381,3.1746031746031744
B3PDA8,Cellvibrio japonicus (strain Ueda107) (Pseudomonas fluorescens subsp. cellulosa),bacterial,GH10,606,64883.2702,0.07755775577557755,39.13466996699679,-0.17607260726072607,4.692706871032715,0.28052805280528054,0.34983498349834985,0.3481848184818482,,,10.891089108910892,1.155115511551155,7.260726072607261,3.7953795379537953,3.3003300330033003,5.9405940594059405,1.9801980198019802,5.2805280528052805,4.29042904290429,6.765676567656766,2.31023102310231,6.435643564356436,3.3003300330033003,3.6303630363036303,2.145214521452145,12.046204620462046,7.590759075907591,7.425742574257426,1.6501650165016502,2.8052805280528053
B3PIN0,Cellvibrio japonicus (strain Ueda107) (Pseudomonas fluorescens subsp. cellulosa),bacterial,GH11,357,37897.5262,0.11764705882352941,32.80117647058824,-0.4843137254901961,8.669659996032717,0.14565826330532214,0.43137254901960786,0.35294117647058826,,,5.882352941176471,1.4005602240896358,3.361344537815126,1.680672268907563,2.5210084033613445,14.005602240896359,0.8403361344537815,4.761904761904762,2.2408963585434174,3.9215686274509802,0.8403361344537815,8.96358543417367,1.4005602240896358,4.761904761904762,3.9215686274509802,15.406162464985995,8.96358543417367,5.882352941176471,2.5210084033613445,6.722689075630252
B5SYI8,Bacillus licheniformis,bacterial,GH11,213,23432.6054,0.1596244131455399,24.426291079812195,-0.4666666666666667,9.696641349792483,0.18779342723004694,0.3755868544600939,0.4084507042253521,50,6.0,6.572769953051643,0.0,2.347417840375587,1.408450704225352,3.2863849765258215,12.206572769953052,1.408450704225352,3.2863849765258215,5.164319248826291,4.225352112676056,1.408450704225352,8.450704225352112,2.816901408450704,2.347417840375587,3.2863849765258215,11.737089201877934,10.328638497652582,7.042253521126761,5.164319248826291,7.511737089201878
B9VSZ3,Demequina sp. JK4,bacterial,GH10,471,49421.8835,0.07643312101910828,29.942675159235655,-0.35371549893842885,8.88066501617432,0.24203821656050956,0.346072186836518,0.3248407643312102,55,5.5,14.012738853503185,1.2738853503184713,4.033970276008493,2.1231422505307855,2.760084925690021,9.554140127388536,1.4861995753715498,3.397027600849257,1.6985138004246285,4.45859872611465,1.910828025477707,7.006369426751593,4.670912951167728,4.883227176220807,5.520169851380042,9.341825902335456,11.252653927813164,5.732484076433121,2.335456475583864,2.5477707006369426
D2KPJ0,Bacillus sp. JB99,bacterial,GH11,210,23312.4401,0.1523809523809524,23.032857142857136,-0.3961904761904762,9.184697914123536,0.1380952380952381,0.3523809523809524,0.4380952380952381,,,5.238095238095238,0.47619047619047616,2.857142857142857,1.9047619047619047,3.3333333333333335,11.904761904761905,1.4285714285714286,3.8095238095238093,1.9047619047619047,3.3333333333333335,1.4285714285714286,8.571428571428571,3.3333333333333335,3.8095238095238093,4.761904761904762,8.571428571428571,11.904761904761905,9.523809523809524,5.238095238095238,6.666666666666667
D3GKE3,Paenibacillus curdlanolyticus,bacterial,GH11,385,41425.942899999995,0.11168831168831168,22.806779220779227,-0.5212987012987014,6.438686943054199,0.21038961038961038,0.39220779220779217,0.37402597402597404,,6.0,5.714285714285714,0.2597402597402597,3.3766233766233764,3.6363636363636362,3.116883116883117,13.766233766233766,1.0389610389610389,4.675324675324675,4.1558441558441555,4.935064935064935,2.5974025974025974,10.909090909090908,2.3376623376623376,3.3766233766233764,2.5974025974025974,8.831168831168831,11.168831168831169,5.454545454545454,2.3376623376623376,5.714285714285714
D6CGY9,Bacteroides xylanisolvens,bacterial,GH10,378,43149.9527,0.09523809523809523,29.473571428571418,-0.44100529100529096,7.720121955871583,0.3465608465608465,0.24603174603174602,0.35185185185185186,,,8.465608465608465,0.5291005291005291,6.349206349206349,7.407407407407407,4.232804232804233,5.291005291005291,2.380952380952381,5.8201058201058204,8.73015873015873,6.349206349206349,3.7037037037037037,3.9682539682539684,4.232804232804233,3.7037037037037037,5.291005291005291,4.761904761904762,5.555555555555555,7.936507936507937,1.8518518518518519,3.439153439153439
E0RXQ0,Butyrivibrio proteoclasticus (strain ATCC 51982 / DSM 14932 / B316) (Clostridium proteoclasticum),bacterial,GH10,434,48532.6259,0.11059907834101383,28.641036866359453,-0.45875576036866356,4.549472618103027,0.33410138248847926,0.30184331797235026,0.3317972350230415,,,8.525345622119815,2.304147465437788,7.373271889400922,8.064516129032258,4.147465437788019,7.142857142857143,1.8433179723502304,4.147465437788019,6.221198156682028,6.912442396313364,3.686635944700461,5.529953917050691,3.456221198156682,3.9170506912442398,2.0737327188940093,6.682027649769585,5.76036866359447,5.299539170506913,1.3824884792626728,5.529953917050691
E0RYH1,Butyrivibrio proteoclasticus (strain ATCC 51982 / DSM 14932 / B316) (Clostridium proteoclasticum),bacterial,GH10,476,53629.4024,0.10714285714285715,45.097710084033636,-0.7090336134453782,4.677871894836425,0.29831932773109243,0.3214285714285714,0.3403361344537815,,,6.092436974789916,1.4705882352941178,6.722689075630252,9.243697478991596,2.9411764705882355,6.932773109243698,2.310924369747899,3.1512605042016806,6.512605042016807,5.882352941176471,2.100840336134454,6.302521008403361,3.991596638655462,3.5714285714285716,2.5210084033613445,8.193277310924369,7.142857142857143,7.142857142857143,2.73109243697479,5.042016806722689
E0S1S5,Butyrivibrio proteoclasticus (strain ATCC 51982 / DSM 14932 / B316) (Clostridium proteoclasticum),bacterial,GH10,996,109454.9694,0.12248995983935743,25.625853413654635,-0.4669678714859438,5.490044212341308,0.23795180722891565,0.3724899598393574,0.3614457831325301,,,6.626506024096385,1.3052208835341366,4.618473895582329,4.317269076305221,3.4136546184738954,9.538152610441767,1.3052208835341366,5.321285140562249,5.622489959839357,5.220883534136546,2.0080321285140563,9.939759036144578,4.016064257028113,3.6144578313253013,1.8072289156626506,9.136546184738956,6.927710843373494,6.42570281124498,2.0080321285140563,6.827309236947791
E0S1Z8,Butyrivibrio proteoclasticus (strain ATCC 51982 / DSM 14932 / B316) (Clostridium proteoclasticum),bacterial,GH10,692,79690.1152,0.1329479768786127,37.76361271676307,-0.43453757225433526,5.1876039505004865,0.3265895953757225,0.2745664739884393,0.3699421965317919,,,7.658959537572255,1.300578034682081,6.358381502890174,7.9479768786127165,5.635838150289017,5.3468208092485545,2.601156069364162,5.057803468208093,6.358381502890174,7.514450867052023,3.179190751445087,5.635838150289017,4.624277456647399,2.4566473988439306,4.046242774566474,5.491329479768786,5.635838150289017,5.491329479768786,2.167630057803468,5.491329479768786
E0S2F5,Butyrivibrio proteoclasticus (strain ATCC 51982 / DSM 14932 / B316) (Clostridium proteoclasticum),bacterial,GH10,1233,136886.414,0.10867802108678022,27.760356853203763,-0.4490673154906732,4.554701805114747,0.32684509326845096,0.29034874290348744,0.36496350364963503,,,9.164639091646391,0.8921330089213301,8.19140308191403,9.083536090835361,4.4606650446066505,7.0559610705596105,0.9732360097323601,3.8929440389294405,7.785888077858881,4.947283049472831,1.70316301703163,5.19059205190592,3.0819140308191404,2.2708840227088403,2.59529602595296,5.51500405515004,7.0559610705596105,9.732360097323602,1.5409570154095702,4.866180048661801
E3WF08,Paenibacillus curdlanolyticus,bacterial,GH10,349,40472.9089,0.11174785100286533,43.62151862464184,-0.4911174785100287,5.5188615798950185,0.30659025787965616,0.2521489971346705,0.3667621776504298,,7.5,8.30945558739255,0.5730659025787965,7.4498567335243555,8.30945558739255,4.871060171919771,5.157593123209169,4.584527220630372,6.303724928366762,4.584527220630372,7.736389684813753,1.7191977077363896,4.871060171919771,2.865329512893983,3.151862464183381,6.876790830945558,4.871060171919771,4.871060171919771,6.590257879656161,2.5787965616045847,3.7249283667621778
E9NSU0,Aspergillus usamii (Aspergillus shirousami),fungal,GH10,327,35485.7492,0.09174311926605505,31.04223241590213,-0.14036697247706423,6.169554328918457,0.30275229357798167,0.3180428134556575,0.3669724770642202,,,10.703363914373089,0.6116207951070336,5.81039755351682,3.9755351681957185,3.058103975535168,7.339449541284404,2.140672782874618,7.6452599388379205,6.72782874617737,7.033639143730887,1.834862385321101,5.504587155963303,4.281345565749236,3.363914373088685,2.140672782874618,8.868501529051988,6.116207951070336,6.72782874617737,2.140672782874618,3.9755351681957185
E9S8N5,Ruminococcus albus 8,bacterial,GH11,540,59500.7861,0.12407407407407407,23.458759259259256,-0.5714814814814815,5.338568305969238,0.21851851851851853,0.37407407407407406,0.3648148148148148,,,6.851851851851852,0.9259259259259259,5.37037037037037,4.074074074074074,3.3333333333333335,7.962962962962963,0.9259259259259259,4.2592592592592595,5.37037037037037,3.1481481481481484,2.4074074074074074,8.148148148148149,4.814814814814815,2.962962962962963,2.5925925925925926,11.11111111111111,10.0,6.666666666666667,3.1481481481481484,5.925925925925926
E9SA77,Ruminococcus albus 8,bacterial,GH11,682,74813.9871,0.09824046920821114,29.40970674486802,-0.482258064516129,4.49041690826416,0.3035190615835777,0.31671554252199413,0.34310850439882695,,,8.651026392961876,1.6129032258064515,8.504398826979472,7.9178885630498534,3.0791788856304985,9.3841642228739,1.3196480938416422,4.838709677419355,6.158357771260997,4.838709677419355,2.7859237536656893,3.812316715542522,3.372434017595308,2.6392961876832843,2.932551319648094,6.5982404692082115,8.211143695014663,6.5982404692082115,2.0527859237536656,4.69208211143695
E9SDY0,Ruminococcus albus 8,bacterial,GH10,830,91331.0101,0.11807228915662649,23.29133734939759,-0.48048192771084336,5.159866523742674,0.27228915662650605,0.33132530120481923,0.36385542168674695,,,8.674698795180722,1.2048192771084338,6.265060240963855,4.9397590361445785,3.6144578313253013,8.072289156626505,1.3253012048192772,4.337349397590361,6.746987951807229,5.421686746987952,1.4457831325301205,6.9879518072289155,3.253012048192771,4.096385542168675,2.0481927710843375,8.55421686746988,7.951807228915663,6.867469879518072,1.927710843373494,6.265060240963855
F0BDW7,Xanthomonas vesicatoria ATCC 35937,bacterial,GH10,330,36877.1165,0.10909090909090909,40.14333333333334,-0.37242424242424244,5.767645835876464,0.31212121212121213,0.28484848484848485,0.33939393939393936,,,12.424242424242424,0.0,5.757575757575758,4.848484848484849,3.6363636363636362,7.878787878787879,2.4242424242424243,4.242424242424242,2.727272727272727,8.787878787878787,2.4242424242424243,3.9393939393939394,6.666666666666667,6.666666666666667,6.0606060606060606,4.242424242424242,4.848484848484849,5.151515151515151,3.6363636363636362,3.6363636363636362
F2Z9G6,Paenibacillus curdlanolyticus,bacterial,GH10,577,61811.419200000004,0.10918544194107452,20.04402079722703,-0.26499133448873485,5.62435474395752,0.22876949740034663,0.3726169844020797,0.3847487001733102,,6.0,9.532062391681109,0.0,4.15944540727903,2.5996533795493932,3.466204506065858,9.358752166377815,0.8665511265164645,5.37261698440208,3.466204506065858,6.412478336221837,0.8665511265164645,8.492201039861351,3.9861351819757367,4.506065857885615,2.4263431542461005,11.265164644714039,9.358752166377815,6.412478336221837,3.119584055459272,4.332755632582322
F6LP79,Ruminococcus albus 8,bacterial,GH10,377,43214.0721,0.13262599469496023,35.47275862068967,-0.48567639257294426,4.557032203674317,0.363395225464191,0.27320954907161804,0.3580901856763926,,,9.018567639257295,1.3262599469496021,9.549071618037136,8.753315649867375,5.570291777188329,5.039787798408488,0.7957559681697612,5.305039787798409,8.488063660477454,7.427055702917772,2.6525198938992043,3.183023872679045,3.9787798408488064,2.9177718832891246,2.9177718832891246,5.570291777188329,5.305039787798409,4.5092838196286475,2.387267904509284,5.305039787798409
F6LP81,Ruminococcus albus 8,bacterial,GH10,757,82425.3044,0.1083223249669749,20.91665785997359,-0.5351387054161163,6.67979793548584,0.25891677675033026,0.3527080581241744,0.34610303830911493,,,9.247027741083222,1.7173051519154559,5.680317040951123,3.6988110964332894,2.509907529722589,9.511228533685602,0.9247027741083224,5.812417437252312,6.340819022457067,4.755614266842801,1.8494055482166447,7.926023778071334,3.3025099075297226,3.4346103038309117,2.906208718626156,8.850726552179657,9.247027741083222,3.963011889035667,2.3778071334214004,5.9445178335535
G0YP25,Aspergillus usamii (Aspergillus shirousami),fungal,GH11,225,24057.844899999996,0.13333333333333333,22.236044444444428,-0.38,5.013392448425292,0.19555555555555557,0.3733333333333333,0.4,,,8.0,0.4444444444444444,4.888888888888889,2.6666666666666665,3.111111111111111,12.88888888888889,1.7777777777777777,3.111111111111111,2.6666666666666665,4.888888888888889,1.3333333333333333,6.222222222222222,2.6666666666666665,3.5555555555555554,2.2222222222222223,10.666666666666666,12.0,6.666666666666667,2.6666666666666665,7.555555555555555
G0YP27,Aspergillus usamii (Aspergillus shirousami),fungal,GH11,256,28020.577,0.12890625,35.34027343750001,-0.30117187500000003,4.704188346862792,0.2109375,0.35546875,0.3984375,,,6.25,0.390625,5.46875,5.078125,4.6875,11.71875,1.953125,3.515625,1.5625,7.03125,1.171875,4.296875,5.46875,3.90625,4.296875,8.59375,8.59375,7.8125,3.125,5.078125
G0YP28,Aspergillus usamii (Aspergillus shirousami),fungal,GH11,231,24845.4738,0.12554112554112554,25.19614718614717,-0.3593073593073593,4.0500284194946286,0.2727272727272727,0.35064935064935066,0.39826839826839827,,,8.658008658008658,0.8658008658008658,6.926406926406926,7.792207792207792,2.5974025974025974,10.822510822510823,0.4329004329004329,2.5974025974025974,2.5974025974025974,6.926406926406926,1.2987012987012987,3.896103896103896,1.7316017316017316,1.7316017316017316,1.7316017316017316,11.688311688311689,11.688311688311689,6.0606060606060606,3.0303030303030303,6.926406926406926
G1E731,Bacillus sp. JB 99,bacterial,GH10,396,45384.912299999996,0.1186868686868687,31.67979797979798,-0.581060606060606,4.7672227859497065,0.297979797979798,0.29292929292929293,0.3611111111111111,,,6.818181818181818,0.0,7.575757575757576,8.83838383838384,4.292929292929293,7.575757575757576,2.525252525252525,5.05050505050505,5.05050505050505,7.575757575757576,1.5151515151515151,5.05050505050505,4.292929292929293,5.05050505050505,4.797979797979798,4.797979797979798,4.292929292929293,7.3232323232323235,3.0303030303030303,4.545454545454546
G9BY19,Penicillium sp. enrichment culture clone C1,fungal,GH10,356,39708.9689,0.1207865168539326,27.283764044943815,-0.3143258426966292,4.663548469543457,0.30898876404494385,0.2893258426966292,0.37359550561797755,,,10.112359550561798,1.404494382022472,7.584269662921348,5.898876404494382,4.213483146067416,7.022471910112359,1.9662921348314606,3.3707865168539324,5.056179775280899,7.303370786516854,2.5280898876404496,5.337078651685394,4.213483146067416,3.932584269662921,2.808988764044944,4.775280898876405,6.741573033707865,7.865168539325842,2.247191011235955,5.617977528089888
G9DBG3,Talaromyces pinophilus (Penicillium pinophilum),fungal,GH11,233,25013.9369,0.12875536480686695,30.89227467811158,-0.26180257510729615,4.38753833770752,0.16738197424892703,0.40772532188841204,0.40772532188841204,,,6.437768240343348,0.0,4.291845493562231,3.004291845493562,5.150214592274678,10.729613733905579,0.4291845493562232,4.721030042918455,1.2875536480686696,5.150214592274678,0.8583690987124464,9.44206008583691,4.291845493562231,3.8626609442060085,2.575107296137339,12.017167381974248,10.300429184549357,7.725321888412017,2.575107296137339,5.150214592274678
H6WWN7,Aspergillus oryzae (Yellow koji mold),fungal,GH11,232,24578.3815,0.14655172413793105,22.6883620689655,-0.28836206896551725,5.709954261779786,0.15517241379310345,0.4051724137931034,0.41379310344827586,,,6.896551724137931,0.43103448275862066,2.586206896551724,2.586206896551724,3.8793103448275863,14.655172413793103,1.7241379310344827,4.741379310344827,1.7241379310344827,3.8793103448275863,0.43103448275862066,7.758620689655173,3.8793103448275863,2.1551724137931036,2.1551724137931036,11.637931034482758,11.637931034482758,6.4655172413793105,2.586206896551724,8.189655172413794
I3NRT9,Thermobifida halotolerans,bacterial,GH11,335,35528.48469999999,0.11044776119402985,29.821820895522382,-0.4898507462686567,9.336069679260255,0.15522388059701492,0.41194029850746267,0.36716417910447763,,,6.865671641791045,0.8955223880597015,2.6865671641791047,1.492537313432836,2.08955223880597,14.925373134328359,2.08955223880597,3.283582089552239,1.492537313432836,3.582089552238806,2.08955223880597,8.656716417910447,5.074626865671642,2.388059701492537,4.776119402985074,9.850746268656716,12.537313432835822,6.268656716417911,3.8805970149253732,5.074626865671642
I4DXK6,Paenibacillus curdlanolyticus,bacterial,GH10,318,35123.4044,0.11320754716981132,23.479245283018855,-0.19150943396226416,9.348512077331542,0.29559748427672955,0.29245283018867924,0.3710691823899371,,6.0,11.0062893081761,0.31446540880503143,3.7735849056603774,3.459119496855346,3.7735849056603774,7.861635220125786,1.8867924528301887,5.660377358490566,5.660377358490566,7.232704402515723,2.20125786163522,5.660377358490566,3.1446540880503147,5.345911949685535,3.7735849056603774,8.80503144654088,5.9748427672955975,6.918238993710692,4.088050314465409,3.459119496855346
J7JXS8,Caldanaerobius polysaccharolyticus,bacterial,GH10,1454,160052.7049,0.09353507565337,27.137771664374323,-0.3740027510316368,4.869646644592284,0.2668500687757909,0.34456671251719395,0.37551581843191195,,,7.565337001375516,0.1375515818431912,7.771664374140302,4.607977991746905,3.370013755158184,7.015130674002751,1.3067400275103163,6.740027510316368,6.327372764786795,6.2585969738652,1.9257221458046767,7.6341127922971115,4.126547455295736,3.576341127922971,2.544704264099037,7.909215955983494,7.49656121045392,7.702888583218707,1.7881705639614855,4.195323246217331
Q0PRN5,Ruminiclostridium cellulolyticum (strain ATCC 35319 / DSM 5812 / JCM 6584 / H10) (Clostridium cellulolyticum),bacterial,GH10,423,47343.0788,0.12529550827423167,24.457919621749408,-0.25862884160756505,6.019158363342284,0.3144208037825059,0.3073286052009456,0.36406619385342787,,,9.929078014184396,0.7092198581560284,5.91016548463357,4.0189125295508275,5.4373522458628845,5.673758865248227,1.1820330969267139,4.491725768321513,6.382978723404255,7.092198581560283,4.0189125295508275,7.328605200945627,3.7825059101654848,3.7825059101654848,2.8368794326241136,8.037825059101655,5.91016548463357,6.382978723404255,2.127659574468085,4.964539007092198
Q21GI8,Saccharophagus degradans (strain 2-40 / ATCC 43961 / DSM 17024),bacterial,GH10,619,65021.7208,0.09208400646203554,50.28678513731843,-0.31260096930533116,5.148498725891112,0.21324717285945075,0.43457189014539577,0.30210016155088854,,,9.854604200323102,1.615508885298869,4.038772213247173,3.0694668820678515,2.9079159935379644,7.754442649434572,1.615508885298869,4.20032310177706,2.261712439418417,4.684975767366721,1.4539579967689822,7.431340872374798,3.231017770597738,3.877221324717286,2.5848142164781907,21.001615508885298,5.977382875605816,6.138933764135703,2.7463651050080777,3.5541195476575123
Q21HD6,Saccharophagus degradans (strain 2-40 / ATCC 43961 / DSM 17024),bacterial,GH10,374,42380.8959,0.1122994652406417,36.21018716577538,-0.3481283422459894,8.74721546173096,0.3315508021390374,0.2647058823529412,0.3529411764705882,,,10.427807486631016,0.8021390374331551,5.882352941176471,4.545454545454546,4.81283422459893,6.684491978609626,4.010695187165775,2.9411764705882355,6.149732620320855,9.893048128342246,2.1390374331550803,4.81283422459893,5.614973262032086,4.81283422459893,5.347593582887701,3.4759358288770055,3.7433155080213902,7.4866310160427805,2.6737967914438503,3.7433155080213902
Q21MW6,Saccharophagus degradans (strain 2-40 / ATCC 43961 / DSM 17024),bacterial,GH11,275,30393.1159,0.13454545454545452,32.384072727272724,-0.4818181818181818,6.302671241760254,0.20727272727272728,0.3781818181818182,0.3418181818181818,,,8.363636363636363,1.4545454545454546,6.545454545454546,2.909090909090909,5.454545454545454,10.909090909090908,1.0909090909090908,5.090909090909091,3.6363636363636362,4.363636363636363,1.4545454545454546,8.727272727272727,2.5454545454545454,3.6363636363636362,5.454545454545454,9.090909090909092,5.818181818181818,5.454545454545454,3.6363636363636362,4.363636363636363
Q21NZ2,Saccharophagus degradans (strain 2-40 / ATCC 43961 / DSM 17024),bacterial,GH10,670,75153.7582,0.11343283582089553,39.056283582089655,-0.516268656716418,4.326663780212404,0.2716417910447761,0.32985074626865674,0.3567164179104478,,,8.208955223880597,0.14925373134328357,7.014925373134329,8.35820895522388,4.925373134328358,7.164179104477612,2.388059701492537,4.925373134328358,2.08955223880597,6.865671641791045,1.6417910447761195,6.567164179104478,7.164179104477612,4.776119402985074,3.7313432835820897,5.074626865671642,6.7164179104477615,5.82089552238806,2.8358208955223883,3.582089552238806
Q21PD4,Saccharophagus degradans (strain 2-40 / ATCC 43961 / DSM 17024),bacterial,GH10,574,61729.3636,0.10104529616724739,41.71641114982584,-0.4172473867595819,4.900226020812987,0.210801393728223,0.4250871080139373,0.3205574912891986,,,8.536585365853659,0.6968641114982579,5.923344947735192,2.961672473867596,2.7874564459930316,8.362369337979095,1.5679442508710801,4.355400696864112,2.0905923344947737,6.097560975609756,1.3937282229965158,7.491289198606272,3.484320557491289,4.355400696864112,3.832752613240418,17.247386759581882,5.400696864111498,6.097560975609756,3.3101045296167246,4.006968641114983
Q288H9,Flavobacterium sp. MSY2,bacterial,GH10,371,42137.912599999996,0.09973045822102425,29.166064690026943,-0.4320754716981132,8.601387977600101,0.3665768194070081,0.29649595687331537,0.3557951482479784,,,7.008086253369272,0.8086253369272237,7.547169811320755,5.121293800539084,4.3126684636118595,5.121293800539084,2.4258760107816713,6.199460916442049,11.859838274932615,9.973045822102426,2.6954177897574123,6.199460916442049,4.0431266846361185,2.964959568733154,1.8867924528301887,6.738544474393531,4.3126684636118595,5.121293800539084,2.1563342318059298,3.504043126684636
Q45UD8,Aspergillus usamii (Aspergillus shirousami),fungal,GH11,211,22638.2696,0.15165876777251186,23.06303317535543,-0.15639810426540285,4.310066795349122,0.18957345971563982,0.3696682464454977,0.4075829383886256,,,9.47867298578199,0.9478672985781991,3.7914691943127963,3.3175355450236967,5.213270142180095,8.530805687203792,0.9478672985781991,2.843601895734597,0.9478672985781991,3.7914691943127963,1.4218009478672986,6.161137440758294,2.843601895734597,3.3175355450236967,1.8957345971563981,15.639810426540285,10.90047393364929,8.056872037914692,2.3696682464454977,7.5829383886255926
Q546Y2,Halalkalibacterium halodurans (Bacillus halodurans),bacterial,GH10,396,45293.7157,0.11616161616161616,32.685101010101,-0.5752525252525252,4.660422325134278,0.3005050505050505,0.29545454545454547,0.3560606060606061,,,7.3232323232323235,0.0,8.080808080808081,9.090909090909092,4.040404040404041,7.828282828282828,2.525252525252525,5.555555555555555,4.545454545454546,7.575757575757576,1.5151515151515151,4.797979797979798,4.292929292929293,4.797979797979798,5.05050505050505,4.545454545454546,4.040404040404041,6.818181818181818,3.0303030303030303,4.545454545454546
Q5YB84,Neocallimastix frontalis (Rumen fungus),fungal,GH11,607,66214.3455,0.12520593080724876,17.31879736408567,-0.5112026359143328,6.710263633728027,0.214168039538715,0.342668863261944,0.3558484349258649,,,7.578253706754531,2.3064250411861615,5.930807248764415,3.2948929159802307,3.9538714991762767,12.8500823723229,1.3179571663920921,3.7891268533772653,5.436573311367381,3.9538714991762767,1.1532125205930808,5.601317957166392,2.471169686985173,5.436573311367381,3.624382207578254,7.413509060955519,8.731466227347612,6.589785831960461,3.459637561779242,5.107084019769357
Q6GVM9,Ruminococcus albus,bacterial,GH11,542,59745.1397,0.12361623616236161,23.409095940959407,-0.5588560885608855,5.338568305969238,0.22140221402214022,0.3726937269372694,0.36531365313653136,,,6.826568265682657,0.922509225092251,5.350553505535055,4.059040590405904,3.321033210332103,7.9335793357933575,0.922509225092251,4.243542435424354,5.350553505535055,3.321033210332103,2.5830258302583027,8.118081180811808,4.797047970479705,2.952029520295203,2.5830258302583027,11.07011070110701,9.96309963099631,6.642066420664206,3.1365313653136533,5.904059040590406
Q6UN40,Thermochaetoides thermophila,fungal,GH11,267,28160.381899999997,0.1198501872659176,26.20977528089889,-0.44044943820224725,9.17457637786865,0.1910112359550562,0.40449438202247195,0.3595505617977528,,7.8,8.614232209737828,0.0,2.247191011235955,2.6217228464419478,2.6217228464419478,16.853932584269664,1.1235955056179776,4.119850187265918,1.8726591760299625,4.119850187265918,1.8726591760299625,10.112359550561798,2.6217228464419478,2.9962546816479403,4.49438202247191,8.614232209737828,9.737827715355806,5.992509363295881,2.6217228464419478,6.741573033707865
Q79MJ7,Halalkalibacterium halodurans (Bacillus halodurans),bacterial,GH11,210,23312.4401,0.1523809523809524,23.032857142857136,-0.3961904761904762,9.184697914123536,0.1380952380952381,0.3523809523809524,0.4380952380952381,,,5.238095238095238,0.47619047619047616,2.857142857142857,1.9047619047619047,3.3333333333333335,11.904761904761905,1.4285714285714286,3.8095238095238093,1.9047619047619047,3.3333333333333335,1.4285714285714286,8.571428571428571,3.3333333333333335,3.8095238095238093,4.761904761904762,8.571428571428571,11.904761904761905,9.523809523809524,5.238095238095238,6.666666666666667
Q7RW51,Neurospora crassa (strain ATCC 24698 / 74-OR23-1A / CBS 708.71 / DSM 1257 / FGSC 987),fungal,GH10,431,45898.9625,0.0974477958236659,36.32273781902552,-0.2099767981438515,7.982169151306152,0.29466357308584684,0.3039443155452436,0.34106728538283065,,,14.617169373549883,2.0881670533642693,4.176334106728539,2.7842227378190256,3.480278422273782,7.888631090487239,1.8561484918793503,4.408352668213457,5.336426914153132,5.336426914153132,1.3921113689095128,6.2645011600928076,5.336426914153132,5.336426914153132,2.0881670533642693,6.728538283062645,8.352668213457077,6.2645011600928076,2.0881670533642693,4.176334106728539
Q7S0Y0,Neurospora crassa (strain ATCC 24698 / 74-OR23-1A / CBS 708.71 / DSM 1257 / FGSC 987),fungal,GH10,329,35793.0438,0.0851063829787234,32.654133738601814,-0.2711246200607903,8.28639545440674,0.3069908814589665,0.3191489361702128,0.3404255319148936,,,11.854103343465045,0.9118541033434651,5.47112462006079,2.735562310030395,2.43161094224924,8.206686930091186,1.5197568389057752,6.079027355623101,5.775075987841945,7.598784194528875,2.735562310030395,8.814589665653495,3.6474164133738602,5.47112462006079,3.0395136778115504,5.775075987841945,5.775075987841945,6.079027355623101,2.43161094224924,3.6474164133738602
Q7S3P8,Neurospora crassa (strain ATCC 24698 / 74-OR23-1A / CBS 708.71 / DSM 1257 / FGSC 987),fungal,GH10,384,42325.088299999996,0.10677083333333334,31.429713541666665,-0.35546875,6.073780632019043,0.3307291666666667,0.27864583333333337,0.3567708333333333,,,10.15625,1.3020833333333333,4.947916666666667,6.510416666666667,4.166666666666667,9.114583333333334,3.125,2.6041666666666665,6.770833333333333,8.59375,1.0416666666666667,4.166666666666667,3.90625,4.427083333333333,3.125,5.729166666666667,6.25,7.552083333333333,2.8645833333333335,3.6458333333333335
Q7S6C2,Neurospora crassa (strain ATCC 24698 / 74-OR23-1A / CBS 708.71 / DSM 1257 / FGSC 987),fungal,GH10,445,48886.3726,0.10112359550561799,39.45865168539326,-0.1550561797752809,8.106464195251466,0.3460674157303371,0.2696629213483146,0.36853932584269666,,,11.01123595505618,1.1235955056179776,4.719101123595506,5.617977528089888,4.044943820224719,8.314606741573034,1.348314606741573,3.146067415730337,5.842696629213483,8.98876404494382,3.146067415730337,3.3707865168539324,4.719101123595506,3.146067415730337,4.943820224719101,5.842696629213483,6.966292134831461,7.640449438202247,2.0224719101123596,4.044943820224719
Q7SDQ1,Neurospora crassa (strain ATCC 24698 / 74-OR23-1A / CBS 708.71 / DSM 1257 / FGSC 987),fungal,GH11,220,23847.7103,0.15,19.015499999999992,-0.500909090909091,9.197462654113771,0.19545454545454546,0.38636363636363635,0.36818181818181817,,,8.181818181818182,0.0,1.8181818181818181,2.727272727272727,4.545454545454546,13.636363636363637,1.8181818181818181,2.272727272727273,2.272727272727273,5.0,1.3636363636363635,9.545454545454545,3.1818181818181817,4.090909090909091,4.090909090909091,10.454545454545455,8.636363636363637,5.909090909090909,2.727272727272727,7.7272727272727275
Q7Z8B8,Neocallimastix frontalis (Rumen fungus),fungal,GH11,337,36742.0792,0.11869436201780414,18.329703264094952,-0.56973293768546,6.818939781188964,0.20771513353115725,0.34421364985163205,0.35014836795252224,,,7.121661721068249,2.9673590504451037,6.231454005934718,3.264094955489614,2.9673590504451037,12.462908011869436,1.1869436201780414,3.264094955489614,5.637982195845697,3.857566765578635,0.8902077151335311,4.747774480712166,2.6706231454005933,5.637982195845697,3.857566765578635,8.308605341246292,9.198813056379821,6.824925816023739,3.5608308605341246,5.341246290801187
Q8GMV6,Thermopolyspora flexuosa,bacterial,GH10,492,53597.498999999996,0.0975609756097561,36.30081300813008,-0.5042682926829268,6.602951622009278,0.21747967479674796,0.3556910569105691,0.3150406504065041,,7.0,10.16260162601626,2.032520325203252,5.691056910569106,3.048780487804878,3.252032520325203,10.56910569105691,1.2195121951219512,3.861788617886179,2.2357723577235773,5.08130081300813,1.2195121951219512,8.739837398373984,3.861788617886179,6.7073170731707314,6.300813008130081,6.7073170731707314,5.487804878048781,7.317073170731708,2.6422764227642275,3.861788617886179
Q8GMV7,Thermopolyspora flexuosa,bacterial,GH11,344,37496.7311,0.1191860465116279,25.563982558139532,-0.5677325581395349,9.434126091003417,0.1627906976744186,0.37790697674418605,0.37790697674418605,,7.0,7.267441860465116,0.5813953488372093,2.616279069767442,2.3255813953488373,2.3255813953488373,12.790697674418604,1.744186046511628,4.651162790697675,0.872093023255814,4.3604651162790695,1.4534883720930232,9.011627906976743,5.523255813953488,4.069767441860465,6.104651162790698,7.848837209302325,11.918604651162791,4.941860465116279,4.3604651162790695,5.232558139534884
Q8J1V4,Thermochaetoides thermophila,fungal,GH11,224,24607.0281,0.13392857142857142,32.44017857142857,-0.47232142857142856,8.488245964050293,0.20535714285714285,0.3571428571428571,0.3705357142857143,,,6.25,0.8928571428571429,2.6785714285714284,4.910714285714286,3.125,13.839285714285714,1.3392857142857142,4.017857142857143,2.6785714285714284,4.910714285714286,1.7857142857142858,4.910714285714286,5.357142857142857,3.5714285714285716,5.803571428571429,8.928571428571429,8.482142857142858,6.25,4.464285714285714,5.803571428571429
Q8J1V5,Thermochaetoides thermophila,fungal,GH11,230,24669.7856,0.14347826086956522,16.788695652173903,-0.3817391304347826,9.160006523132324,0.2217391304347826,0.3652173913043478,0.39565217391304347,,,8.26086956521739,0.43478260869565216,1.7391304347826086,3.0434782608695654,3.4782608695652173,13.91304347826087,1.7391304347826086,3.0434782608695654,4.3478260869565215,5.6521739130434785,0.8695652173913043,7.391304347826087,2.1739130434782608,2.608695652173913,2.608695652173913,11.304347826086957,10.869565217391305,5.6521739130434785,3.4782608695652173,7.391304347826087
Q8J1V6,Thermochaetoides thermophila,fungal,GH11,261,27843.8386,0.12260536398467434,26.449846743295012,-0.6042145593869731,9.5432710647583,0.1685823754789272,0.40996168582375475,0.36398467432950193,,6.5,7.2796934865900385,0.0,2.2988505747126435,2.2988505747126435,2.681992337164751,15.32567049808429,1.1494252873563218,3.0651340996168583,1.9157088122605364,3.8314176245210727,1.5325670498084292,10.344827586206897,2.681992337164751,3.0651340996168583,5.363984674329502,10.344827586206897,11.494252873563218,5.747126436781609,2.681992337164751,6.896551724137931
Q9HDL7,Cochliobolus heterostrophus (Southern corn leaf blight fungus) (Bipolaris maydis),fungal,GH11,114,12779.7148,0.14035087719298248,34.03333333333333,-0.9140350877192983,9.558807945251463,0.14912280701754388,0.37719298245614036,0.368421052631579,,,4.385964912280702,0.0,3.508771929824561,1.7543859649122806,2.6315789473684212,9.649122807017545,0.8771929824561403,2.6315789473684212,4.385964912280702,2.6315789473684212,1.7543859649122806,8.771929824561404,2.6315789473684212,7.017543859649122,5.2631578947368425,13.157894736842104,11.403508771929825,6.140350877192983,2.6315789473684212,8.771929824561404
Q9HEN3,Curvularia spicifera,fungal,GH11,114,12758.6831,0.16666666666666669,13.27017543859649,-0.8184210526315789,9.434448432922363,0.12280701754385964,0.39473684210526316,0.37719298245614036,,,4.385964912280702,0.0,2.6315789473684212,1.7543859649122806,3.508771929824561,14.912280701754385,0.8771929824561403,2.6315789473684212,1.7543859649122806,3.508771929824561,0.8771929824561403,11.403508771929825,3.508771929824561,7.017543859649122,6.140350877192983,7.017543859649122,7.894736842105263,7.017543859649122,2.6315789473684212,10.526315789473685
Q9HEN4,Curvularia spicifera,fungal,GH11,114,12778.7732,0.14035087719298248,28.489473684210523,-0.8736842105263157,9.69528751373291,0.15789473684210528,0.3684210526315789,0.368421052631579,,,5.2631578947368425,0.0,3.508771929824561,1.7543859649122806,2.6315789473684212,9.649122807017545,0.8771929824561403,3.508771929824561,4.385964912280702,2.6315789473684212,1.7543859649122806,7.894736842105263,2.6315789473684212,6.140350877192983,6.140350877192983,13.157894736842104,11.403508771929825,5.2631578947368425,2.6315789473684212,8.771929824561404
Q9HEN5,Cochliobolus sativus (Common root rot and spot blotch fungus) (Bipolaris sorokiniana),fungal,GH11,114,12692.7111,0.15789473684210528,19.83070175438596,-0.7035087719298246,9.644164085388184,0.12280701754385964,0.37719298245614036,0.37719298245614036,,,4.385964912280702,0.0,1.7543859649122806,1.7543859649122806,3.508771929824561,14.912280701754385,0.8771929824561403,2.6315789473684212,1.7543859649122806,3.508771929824561,0.8771929824561403,9.649122807017545,3.508771929824561,8.771929824561404,6.140350877192983,7.894736842105263,7.017543859649122,8.771929824561404,2.6315789473684212,9.649122807017545
Q9HEN6,Cochliobolus sativus (Common root rot and spot blotch fungus) (Bipolaris sorokiniana),fungal,GH11,114,12820.77,0.14035087719298248,34.86140350877192,-0.9482456140350877,9.69528751373291,0.14912280701754388,0.3859649122807018,0.3508771929824562,,,4.385964912280702,0.0,3.508771929824561,1.7543859649122806,2.6315789473684212,9.649122807017545,0.8771929824561403,2.6315789473684212,4.385964912280702,2.6315789473684212,1.7543859649122806,8.771929824561404,2.6315789473684212,7.017543859649122,6.140350877192983,14.035087719298245,9.649122807017545,6.140350877192983,2.6315789473684212,8.771929824561404
Q9HEN7,Cochliobolus heterostrophus (Southern corn leaf blight fungus) (Bipolaris maydis),fungal,GH11,114,12692.7111,0.15789473684210528,15.385964912280704,-0.7008771929824562,9.644164085388184,0.12280701754385964,0.38596491228070173,0.37719298245614036,,,4.385964912280702,0.0,1.7543859649122806,1.7543859649122806,3.508771929824561,14.912280701754385,0.8771929824561403,3.508771929824561,1.7543859649122806,3.508771929824561,0.8771929824561403,10.526315789473685,3.508771929824561,7.894736842105263,6.140350877192983,7.894736842105263,7.017543859649122,7.894736842105263,2.6315789473684212,9.649122807017545
Q9HEP2,Bipolaris sorghicola,fungal,GH11,114,12614.6423,0.14912280701754388,15.878070175438598,-0.6552631578947369,9.694449424743652,0.12280701754385964,0.38596491228070173,0.37719298245614036,,,4.385964912280702,0.0,1.7543859649122806,1.7543859649122806,3.508771929824561,14.912280701754385,0.8771929824561403,2.6315789473684212,1.7543859649122806,3.508771929824561,0.8771929824561403,10.526315789473685,3.508771929824561,7.894736842105263,6.140350877192983,7.894736842105263,7.017543859649122,9.649122807017545,2.6315789473684212,8.771929824561404
Q9HEP3,Bipolaris sorghicola,fungal,GH11,114,12779.7148,0.14035087719298248,34.03333333333333,-0.9140350877192983,9.558807945251463,0.14912280701754388,0.37719298245614036,0.368421052631579,,,4.385964912280702,0.0,3.508771929824561,1.7543859649122806,2.6315789473684212,9.649122807017545,0.8771929824561403,2.6315789473684212,4.385964912280702,2.6315789473684212,1.7543859649122806,8.771929824561404,2.6315789473684212,7.017543859649122,5.2631578947368425,13.157894736842104,11.403508771929825,6.140350877192983,2.6315789473684212,8.771929824561404
Q9RQB7,Xylanimonas pachnodae,bacterial,GH10,1183,124135.70240000001,0.0879120879120879,24.00845308537633,-0.11868131868131869,4.210030174255372,0.26711749788672867,0.3322062552831784,0.37362637362637363,,,13.778529163144547,0.0,9.129332206255283,3.7193575655114115,3.043110735418428,10.397295012679628,1.3524936601859678,2.113271344040575,1.521555367709214,6.762468300929839,0.9298393913778529,2.53592561284869,4.480135249366018,4.22654268808115,3.888419273034658,6.677937447168216,9.29839391377853,10.397295012679628,3.043110735418428,2.7049873203719357
Q9RQB8,Xylanimonas pachnodae,bacterial,GH11,335,34382.9954,0.1044776119402985,24.382716417910448,-0.2928358208955224,9.183988761901855,0.17313432835820894,0.408955223880597,0.36716417910447763,,,9.850746268656716,0.5970149253731343,2.6865671641791047,1.1940298507462686,2.985074626865672,14.925373134328359,1.492537313432836,3.8805970149253732,1.791044776119403,2.985074626865672,1.492537313432836,6.268656716417911,3.582089552238806,2.388059701492537,3.582089552238806,13.432835820895523,13.73134328358209,5.6716417910447765,2.985074626865672,4.477611940298507
S4S3F1,Phialophora sp. P13,fungal,GH11,234,25508.676,0.11111111111111112,31.66670940170941,-0.3072649572649573,4.289093208312988,0.18803418803418806,0.3717948717948718,0.3888888888888889,,,6.410256410256411,0.42735042735042733,7.6923076923076925,3.8461538461538463,3.8461538461538463,9.401709401709402,1.2820512820512822,4.273504273504273,0.8547008547008547,5.128205128205129,2.5641025641025643,4.700854700854701,4.700854700854701,4.273504273504273,4.273504273504273,10.683760683760683,9.82905982905983,8.547008547008547,2.5641025641025643,4.700854700854701
U5HTS3,Ophiostoma piliferum (Ceratocystis pilifera),fungal,GH11,216,23057.7825,0.14351851851851852,30.6560648148148,-0.26944444444444443,5.845913124084471,0.18055555555555558,0.39351851851851855,0.375,,,7.87037037037037,0.9259259259259259,1.8518518518518519,3.240740740740741,4.62962962962963,11.11111111111111,1.3888888888888888,3.7037037037037037,1.8518518518518519,3.240740740740741,1.8518518518518519,6.481481481481482,2.314814814814815,3.7037037037037037,2.314814814814815,17.59259259259259,9.722222222222221,6.481481481481482,2.7777777777777777,6.944444444444445
U5HU68,Coprinopsis cinerea (Inky cap fungus) (Hormographiella aspergillata),fungal,GH11,230,25171.2726,0.14782608695652175,23.135260869565208,-0.48826086956521736,8.76894130706787,0.20434782608695654,0.3521739130434783,0.3695652173913043,,,9.565217391304348,0.8695652173913043,2.1739130434782608,3.0434782608695654,3.4782608695652173,12.173913043478262,1.3043478260869565,3.4782608695652173,2.1739130434782608,4.782608695652174,0.8695652173913043,8.695652173913043,3.4782608695652173,5.6521739130434785,4.3478260869565215,8.695652173913043,8.26086956521739,5.6521739130434785,3.4782608695652173,7.826086956521739
V5R355,Aspergillus fumigatus (Neosartorya fumigata),fungal,GH11,189,20323.687899999997,0.1693121693121693,20.36560846560846,-0.5328042328042328,9.007538795471191,0.12169312169312169,0.41798941798941797,0.41798941798941797,,,5.291005291005291,0.0,1.5873015873015872,2.1164021164021163,3.1746031746031744,17.46031746031746,1.0582010582010581,3.1746031746031744,1.5873015873015872,2.1164021164021163,1.0582010582010581,10.052910052910052,3.1746031746031744,1.5873015873015872,3.7037037037037037,9.523809523809524,12.698412698412698,6.878306878306878,3.7037037037037037,10.052910052910052
V9NCQ7,Bacillus sp. SN5,bacterial,GH11,366,40368.5408,0.12568306010928962,26.599781420765044,-0.4909836065573771,4.683839988708496,0.18852459016393444,0.36885245901639346,0.38524590163934425,,,4.918032786885246,0.0,6.830601092896175,4.371584699453552,3.8251366120218577,12.295081967213115,3.8251366120218577,5.46448087431694,2.185792349726776,5.737704918032787,1.639344262295082,6.284153005464481,3.8251366120218577,5.191256830601093,2.459016393442623,7.6502732240437155,8.469945355191257,6.284153005464481,2.73224043715847,6.0109289617486334
W5VXL4,Neurospora sitophila (Chrysonilia sitophila),fungal,GH11,376,40765.831999999995,0.13031914893617022,31.72505319148935,-0.39015957446808514,9.18495578765869,0.15159574468085107,0.36702127659574474,0.375,,,5.851063829787234,3.1914893617021276,2.393617021276596,1.5957446808510638,3.4574468085106385,13.563829787234043,1.3297872340425532,2.6595744680851063,1.3297872340425532,5.585106382978723,0.7978723404255319,5.053191489361702,6.117021276595745,5.851063829787234,5.851063829787234,9.574468085106384,9.840425531914894,6.382978723404255,3.4574468085106385,6.117021276595745
A0A0K8J318,Herbinix luporum,bacterial,GH11,220,24640.6665,0.07727272727272727,26.81545454545455,-0.27590909090909094,4.488711738586425,0.3409090909090909,0.31363636363636366,0.38636363636363635,,,5.454545454545454,0.45454545454545453,10.0,7.7272727272727275,3.6363636363636362,5.909090909090909,1.3636363636363635,7.2727272727272725,8.636363636363637,9.545454545454545,2.727272727272727,6.818181818181818,4.090909090909091,2.272727272727273,1.3636363636363635,4.545454545454546,5.454545454545454,8.636363636363637,1.3636363636363635,2.727272727272727
A0A6M5Z4H3,Frigoriglobus tundricola,bacterial,GH10,502,54463.320199999995,0.08366533864541832,38.40139442231076,0.02549800796812747,4.7607431411743155,0.3565737051792829,0.2649402390438247,0.3645418326693227,,,16.334661354581673,1.792828685258964,8.167330677290837,4.581673306772909,3.585657370517928,6.374501992031872,0.9960159362549801,2.589641434262948,0.796812749003984,12.749003984063744,1.1952191235059761,1.1952191235059761,7.171314741035856,3.187250996015936,8.167330677290837,3.585657370517928,6.573705179282869,6.175298804780876,2.589641434262948,2.191235059760956
A0A7U4XSS7,Clostridium sporogenes,bacterial,GH11,270,30969.4349,0.10740740740740741,28.708148148148144,-0.41333333333333333,9.097536659240724,0.337037037037037,0.2851851851851852,0.37777777777777777,,,4.814814814814815,0.7407407407407407,7.407407407407407,5.555555555555555,5.555555555555555,5.555555555555555,1.8518518518518519,10.74074074074074,14.814814814814815,5.925925925925926,2.5925925925925926,8.88888888888889,1.8518518518518519,2.2222222222222223,1.1111111111111112,4.814814814814815,3.7037037037037037,6.666666666666667,0.37037037037037035,4.814814814814815
A0ACD6B907,uncultured bacterium,bacterial,GH11,268,29836.953700000002,0.1492537313432836,27.15003731343284,-0.43917910447761194,6.22247142791748,0.23880597014925375,0.34328358208955223,0.3656716417910448,37,6.0,8.208955223880597,0.373134328358209,6.7164179104477615,2.611940298507463,5.223880597014926,10.82089552238806,2.985074626865672,4.850746268656716,5.597014925373134,5.597014925373134,1.8656716417910448,4.477611940298507,5.970149253731344,4.850746268656716,2.611940298507463,6.343283582089552,5.970149253731344,5.223880597014926,3.3582089552238807,6.343283582089552
A0ACD6BAA5,Bacillus sp,bacterial,GH10,408,47680.126099999994,0.11274509803921569,30.94558823529412,-0.6607843137254903,6.1015748977661115,0.3382352941176471,0.23529411764705882,0.3284313725490196,,,8.57843137254902,0.24509803921568626,5.147058823529412,9.558823529411764,4.901960784313726,5.637254901960785,5.147058823529412,4.6568627450980395,6.617647058823529,6.617647058823529,2.450980392156863,6.127450980392157,3.4313725490196076,5.392156862745098,5.637254901960785,3.1862745098039214,2.696078431372549,7.598039215686274,3.4313725490196076,2.9411764705882355
A0ACD6BAS8,Bacillus sp,bacterial,GH11,224,25053.9715,0.125,29.035758928571425,-0.6991071428571428,5.30759105682373,0.19196428571428573,0.33035714285714285,0.3660714285714286,,,4.017857142857143,0.0,4.910714285714286,6.25,3.125,13.392857142857142,5.803571428571429,4.910714285714286,2.232142857142857,3.5714285714285716,3.125,4.464285714285714,2.6785714285714284,5.803571428571429,3.125,7.589285714285714,10.267857142857142,5.357142857142857,3.5714285714285716,5.803571428571429
F0BDW4,Xanthomonas vesicatoria ATCC 35937,bacterial,GH10,110,11446.1424,0.05454545454545454,50.342727272727274,0.13363636363636364,10.081775474548337,0.36363636363636365,0.2727272727272727,0.2545454545454545,,,21.818181818181817,3.6363636363636362,2.727272727272727,2.727272727272727,2.727272727272727,6.363636363636363,1.8181818181818181,2.727272727272727,2.727272727272727,4.545454545454546,4.545454545454546,2.727272727272727,6.363636363636363,0.9090909090909091,9.090909090909092,9.090909090909092,4.545454545454546,8.181818181818182,1.8181818181818181,0.9090909090909091
K9TUC6,Chroococcidiopsis thermalis (strain PCC 7203),bacterial,GH10,47,4364.9067,0.06382978723404255,87.96170212765956,0.3085106382978723,5.820676612854004,0.3191489361702128,0.48936170212765956,0.2765957446808511,,,12.76595744680851,2.127659574468085,2.127659574468085,2.127659574468085,6.382978723404255,23.404255319148938,0.0,2.127659574468085,4.25531914893617,10.638297872340425,2.127659574468085,2.127659574468085,10.638297872340425,0.0,0.0,10.638297872340425,6.382978723404255,2.127659574468085,0.0,0.0
Q6V8M0,Rhodothermus marinus (Rhodothermus obamensis),bacterial,GH10,165,17796.350899999998,0.10909090909090909,29.65636363636362,-0.036969696969696965,4.05309772491455,0.21212121212121213,0.3151515151515151,0.43636363636363634,,,8.484848484848484,0.0,4.848484848484849,7.878787878787879,5.454545454545454,9.696969696969697,1.2121212121212122,5.454545454545454,0.6060606060606061,4.242424242424242,0.0,7.2727272727272725,5.454545454545454,4.242424242424242,2.4242424242424243,4.242424242424242,9.696969696969697,13.333333333333334,2.4242424242424243,3.0303030303030303
