uniprot_accession,organism_type,gh_family,length,molecular_weight,aromaticity,instability_index,gravy,predicted_pI,secondary_structure_fraction_helix,secondary_structure_fraction_turn,secondary_structure_fraction_sheet,hbond_proxy,salt_bridge_proxy,disulfide_count,thermoprot_probability,optimum_temperature,optimum_pH,vina_xylobiose_score,vina_xylotriose_score,vina_xylobiose_score_norm,vina_xylotriose_score_norm,docking_score_mean_norm,rank_docking,dbd2_pair,dbd2_score,dbd2_prediction,dbd2_interpretation,dbd2_positive,duet_best_ddg,duet_worst_ddg,duet_mean_ddg,duet_n_tested,duet_n_stabilizing,duet_best_mutation,duet_best_interpretation,score_thermoprot,score_opt_temp,score_duet,score_dbd2,score_docking,score_hbond_proxy,score_salt_bridge_proxy,score_disulfide_count,score_instability,score_structure,composite_score,composite_rank,xylanase_candidate_label
Q8GMV7,bacterial,GH11,344,37496.7311,0.1191860465116279,25.56398255813953,-0.5677325581395349,9.434126091003415,0.1627906976744186,0.3779069767441861,0.3779069767441861,,,,0.9059381322030412,,7.0,,,,,,,,,,,,,,,,,,,0.9366424524402577,,,,,,,1.0,0.8170623591236881,0.908531179561844,0.9225868160010509,1.0,1
Q6V8M0,bacterial,GH10,165,17796.350899999998,0.109090909090909,29.656363636363626,-0.0369696969696969,4.05309772491455,0.2121212121212121,0.3151515151515151,0.4363636363636363,,,,0.856140179077462,,,,,,,,,,,,,,,,,,,,,0.8850071552985798,,,,,,,1.0,0.7634749754616694,0.8817374877308347,0.8833723215147072,2.0,1
Q8GJ44,bacterial,GH11,651,70149.83859999999,0.1105990783410138,32.47342549923198,-0.2271889400921659,5.100810813903808,0.1751152073732719,0.3763440860215054,0.4101382488479263,,,,0.8493066532652944,,,,,,,,,,,,,,,,,,,,,0.8779214998912825,,,,,,,1.0,0.7265871656610541,0.863293582830527,0.8706075413609048,3.0,1
Q8J1V6,fungal,GH11,261,27843.8386,0.1226053639846743,26.44984674329501,-0.6042145593869731,9.5432710647583,0.1685823754789272,0.4099616858237548,0.3639846743295019,,,,0.6473098007913943,,6.5,,,,,,,,,,,,,,,,,,,0.6684717766693064,,,,,,,1.0,0.8054624755705737,0.9027312377852869,0.7856015072272966,4.0,1
Q1K5S8,fungal,GH11,293,30776.0522,0.1296928327645051,22.902423208191127,-0.4873720136518772,8.466326713562013,0.1467576791808873,0.4027303754266212,0.3651877133105802,13408.0,150.0,0.0,0.913795677661139,,,-6.067,-8.452,0.6914285714285715,0.8291212613030373,0.7602749163658045,35.0,,,,,,,,,,,,,0.9447899096963817,,,,0.7602749163658045,0.11522313960390697,0.004896699758518916,1.0,0.8519139526822262,0.49300844801116306,0.7326910913577831,5.0,1
A0A0U2V335,bacterial,GH10,412,46116.6821,0.0970873786407767,36.8175,-0.2199029126213592,5.053804969787596,0.2839805825242718,0.279126213592233,0.3859223300970874,28561.0,3127.0,0.0,0.9670412217209488,,,-5.963,-7.809,0.6644155844155845,0.6800370971481567,0.6722263407818706,63.0,,,,,,,,,,,,,1.0,,,,0.6722263407818706,0.27876531217959094,0.10474242017708613,1.0,0.669704000950971,0.513302933326912,0.7285097580362608,6.0,1
H6WWN7,fungal,GH11,232,24578.3815,0.146551724137931,22.688362068965503,-0.2883620689655172,5.709954261779786,0.1551724137931034,0.4051724137931034,0.4137931034482759,13056.0,84.0,0.0,0.8389186865915742,,,-6.174,-8.497,0.7192207792207793,0.8395548342221191,0.7793878067214492,28.0,,,,,,,,,,,,,0.867150259062513,,,,0.7793878067214492,0.11142410015649452,0.002683123155352831,1.0,0.85471696055846,0.4922060459675769,0.7129147039171797,7.0,1
A0AAV9NYM1,fungal,GH11,282,29128.178400000004,0.1170212765957446,30.72163120567375,-0.2322695035460993,4.333768653869631,0.2127659574468085,0.400709219858156,0.3546099290780141,13074.0,231.0,0.0,0.7669264297557724,,,-6.434,-8.933,0.7867532467532469,0.9406445629492232,0.8636989048512351,5.0,,,,,,,,,,,,,0.7925017777435656,,,,0.8636989048512351,0.1116183692191463,0.007613361953313657,1.0,0.7495259074623374,0.4671894096586994,0.7077966974178334,8.0,1
A0A8H8S0Y0,fungal,GH11,223,23370.0829,0.1300448430493273,19.52022421524663,-0.2085201793721973,4.954620933532714,0.2242152466367713,0.3721973094170404,0.3766816143497757,14828.0,168.0,0.0,0.7209633062613052,,,-6.514,-8.733,0.8075324675324677,0.894273127753304,0.8509027976428858,8.0,,,,,,,,,,,,,0.7448428000098528,,,,0.8509027976428858,0.13054881010199126,0.005500402468473303,1.0,0.8962019091534894,0.5080627804309885,0.7012694593612423,9.0,1
A0A411KZA6,bacterial,GH10,495,52445.555,0.0888888888888888,26.29333333333333,-0.2149494949494949,5.5515439987182615,0.2666666666666666,0.3191919191919192,0.3515151515151515,33401.0,1296.0,0.0,0.827107708142467,,,-5.912,-8.12,0.6511688311688312,0.7521446788778111,0.7016567550233211,55.0,,,,,,,,,,,,,0.8549035030519664,,,,0.7016567550233211,0.3310021045815121,0.04333243895894821,1.0,0.8075119289297674,0.5454616181175569,0.7006739587309481,10.0,1
V5R355,fungal,GH11,189,20323.6879,0.1693121693121693,20.36560846560846,-0.5328042328042328,9.007538795471191,0.1216931216931216,0.417989417989418,0.417989417989418,13062.0,84.0,0.0,0.8821214165673673,,,-6.251,-8.508,0.7392207792207793,0.8421052631578945,0.7906630211893368,25.0,A52C-A170C,0.74,favorable,ideal geometry with low energy; long-range disulfide likely stabilizing,True,,,,,,,,0.9119469958682651,,,0.5798816568047337,0.7906630211893368,0.11148885651071178,0.002683123155352831,1.0,0.8851320871354416,0.4998260167003765,0.695579422640678,11.0,1
I3NRT9,bacterial,GH11,335,35528.484699999986,0.1104477611940298,29.821820895522382,-0.4898507462686567,9.336069679260255,0.1552238805970149,0.4119402985074626,0.3671641791044776,13143.0,192.0,0.0,0.890849771195792,,,-6.153,-7.619,0.7137662337662337,0.6359842337120333,0.6748752337391335,62.0,A150C-A194C,0.52,favorable,ideal geometry with low energy; long-range disulfide likely stabilizing,True,,,,,,,,0.9209973916477885,,,0.7100591715976331,0.6748752337391335,0.11236306729264475,0.0063053394150791526,1.0,0.7613084075256126,0.4699942035583341,0.6939815001357222,12.0,1
A0A0F9XA32,fungal,GH11,221,23850.7605,0.1493212669683257,19.08013574660632,-0.3380090497737557,7.87437801361084,0.1628959276018099,0.3981900452488688,0.3981900452488688,13160.0,112.0,0.0,0.7723148775099251,,,-6.201,-8.418,0.7262337662337661,0.8212381173197308,0.7737359417767484,32.0,,,,,,,,,,,,,0.7980890375294535,,,,0.7737359417767484,0.11254654362959365,0.0036222162597263213,1.0,0.9019646153051103,0.5045333437986076,0.6921194410349365,13.0,1
Q79MJ7,bacterial,GH11,210,23312.4401,0.1523809523809524,23.032857142857136,-0.3961904761904762,9.184697914123538,0.1380952380952381,0.3523809523809524,0.4380952380952381,13129.0,150.0,0.0,0.8279782338762746,,,-6.522,-7.514,0.8096103896103897,0.6116392302341758,0.7106248099222827,49.0,,,,,,,,,,,,,0.8558061476811799,,,,0.7106248099222827,0.11221196913280448,0.004896699758518916,1.0,0.8502059950981472,0.49182866599736763,0.6860865412002767,14.0,1
Q2LMP0,fungal,GH11,227,23823.7747,0.1277533039647577,25.28061674008809,-0.1969162995594713,7.798498725891113,0.224669603524229,0.3656387665198238,0.4052863436123348,13257.0,154.0,0.0,0.7340238894514988,,,-6.249,-8.541,0.7387012987012986,0.8497565499652215,0.7942289243332601,24.0,,,,,,,,,,,,,0.7583852661463343,,,,0.7942289243332601,0.11359343802277265,0.005030855916286558,1.0,0.8207728720300799,0.48484929149228473,0.6791544939906263,15.0,1
Q9RQB7,bacterial,GH10,1183,124135.7024,0.0879120879120879,24.00845308537633,-0.1186813186813186,4.2100301742553725,0.2671174978867287,0.3322062552831784,0.3736263736263736,78754.0,12160.0,0.0,0.9245038544856324,,,-5.37,-8.193,0.5103896103896105,0.7690702527243217,0.6397299315569661,71.0,A946C-A982C,0.35,favorable,ideal geometry with low energy; long-range disulfide likely stabilizing,True,0.133,-1.317,-0.5658,1490.0,298.0,T82V,Stabilizing,0.9558931751415298,,0.1951219512195122,0.8106508875739646,0.6397299315569661,0.8204845933840591,0.40770056345586264,1.0,0.837431125634238,0.76640407061854,0.6735600032221025,16.0,1
A0A6M5Z4H3,bacterial,GH10,502,54463.3202,0.0836653386454183,38.40139442231076,0.0254980079681274,4.760743141174316,0.3565737051792829,0.2649402390438247,0.3645418326693227,34843.0,3136.0,0.0,0.9555177222034072,,,-5.78,-6.589,0.616883116883117,0.3971713424530489,0.507027229668083,114.0,,,,,,,,,,,,,0.9880513297363903,,,,0.507027229668083,0.3465652150450596,0.10504427153206332,1.0,0.648963811690461,0.5251433245668959,0.6734072946571231,17.0,1
B3VSG7,fungal,GH11,227,23823.7747,0.1277533039647577,25.28061674008809,-0.1969162995594713,7.798498725891113,0.224669603524229,0.3656387665198238,0.4052863436123348,13257.0,154.0,0.0,0.7340238894514988,,,-6.422,-8.185,0.7836363636363636,0.7672153953164851,0.7754258794764244,30.0,,,,,,,,,,,,,0.7583852661463343,,,,0.7754258794764244,0.11359343802277265,0.005030855916286558,1.0,0.8207728720300799,0.48484929149228473,0.6728868123716811,18.0,1
Q6UN40,fungal,GH11,267,28160.3819,0.1198501872659176,26.20977528089889,-0.4404494382022473,9.17457637786865,0.1910112359550562,0.404494382022472,0.3595505617977528,13412.0,165.0,0.0,0.7033741520448665,,7.8,-6.179,-8.709,0.7205194805194807,0.8887085555297936,0.8046140180246371,19.0,,,,,,,,,,,,,0.7266046768053452,,,,0.8046140180246371,0.11526631050671847,0.005399785350147571,1.0,0.8086060737144948,0.48231804239284015,0.6711789124076075,19.0,1
A0A0B5JC15,fungal,GH11,291,30839.0577,0.1237113402061855,24.432989690721644,-0.6518900343642612,8.702732276916507,0.147766323024055,0.4329896907216495,0.3230240549828178,13378.0,204.0,0.0,0.8256072156002151,,,-5.237,-8.594,0.4758441558441559,0.8620449802921399,0.668944568068148,64.0,,,,,,,,,,,,,0.8533476483749144,,,,0.668944568068148,0.11489935783282068,0.006707807888382077,1.0,0.83187206221508,0.48836980698407073,0.670220674475711,20.0,1
U5HU68,fungal,GH11,230,25171.2726,0.1478260869565217,23.13526086956521,-0.4882608695652174,8.76894130706787,0.2043478260869565,0.3521739130434783,0.3695652173913043,15890.0,216.0,0.0,0.7266542400345805,,,-6.532,-7.876,0.8122077922077923,0.6955715279387897,0.753889660073291,37.0,,,,,,,,,,,,,0.7507437063313566,,,,0.753889660073291,0.14201068479844584,0.007110276361685001,1.0,0.8488650770148519,0.4994965095437457,0.6680432919827978,21.0,1
Q8J1V4,fungal,GH11,224,24607.0281,0.1339285714285714,32.44017857142857,-0.4723214285714286,8.488245964050293,0.2053571428571428,0.3571428571428571,0.3705357142857143,15500.0,374.0,0.0,0.7296996447490716,,,-6.744,-7.812,0.8672727272727272,0.6807326686760956,0.7740026979744115,31.0,,,,,,,,,,,,,0.7539014742209897,,,,0.7740026979744115,0.13780152177432411,0.012409444593506841,1.0,0.7270225151169649,0.469308370371199,0.6657375141888667,22.0,1
A0A4D6DK93,bacterial,GH10,330,36685.8377,0.103030303030303,32.50939393939395,-0.3624242424242424,7.206638526916504,0.3060606060606061,0.2636363636363637,0.3515151515151515,23677.0,1794.0,0.0,0.7860862083530997,75 - 80,6.5,-5.761,-8.101,0.611948051948052,0.7477393925341991,0.6798437222411255,60.0,,,,,,,,,,,,,0.8123684750463024,,,,0.6798437222411255,0.2260536398467433,0.06003488060101959,1.0,0.7261161795613137,0.5030511750022691,0.6650877907632324,23.0,1
W5VXL4,fungal,GH11,376,40765.832,0.1303191489361702,31.72505319148935,-0.3901595744680851,9.184955787658687,0.151595744680851,0.3670212765957448,0.375,24341.0,465.0,0.0,0.9650573217588296,,,-5.601,-6.603,0.5703896103896104,0.4004173429167632,0.4854034766531868,122.0,,,,,,,,,,,,,0.9979429021151722,,,,0.4854034766531868,0.23322000971345314,0.015461497182720687,1.0,0.7363866719168198,0.49626704470324845,0.6598711411572025,24.0,1
U5HTS3,fungal,GH11,216,23057.7825,0.1435185185185185,30.6560648148148,-0.2694444444444444,5.845913124084471,0.1805555555555556,0.3935185185185185,0.375,14538.0,132.0,0.0,0.6308675719348035,,,-7.0,-8.241,0.9337662337662338,0.7801993971713423,0.8569828154687881,6.0,,,,,,,,,,,,,0.651422895753648,,,,0.8569828154687881,0.12741891964815713,0.004292997048564529,1.0,0.7503844617550909,0.4705240946129532,0.6596432686117965,25.0,1
Q9RQB8,bacterial,GH11,335,34382.9954,0.1044776119402985,24.382716417910448,-0.2928358208955224,9.183988761901857,0.1731343283582089,0.4089552238805971,0.3671641791044776,21623.0,299.0,0.0,0.8060922181254857,,,-5.88,-7.501,0.6428571428571429,0.608625086946441,0.625741114901792,74.0,,,,,,,,,,,,,0.83311262604808,,,,0.625741114901792,0.20388538125303546,0.009894016635363562,1.0,0.8325303618960198,0.5115774399461047,0.6568103936319923,26.0,1
B1A3N2,bacterial,GH10,1276,138238.1047,0.0909090909090909,22.06999216300951,-0.3906739811912226,4.743464088439941,0.2860501567398119,0.3377742946708464,0.3605015673981191,87698.0,21840.0,0.0,0.0378922592886728,,7.0,-5.918,-8.985,0.6527272727272728,0.9527011361001622,0.8027142044137174,20.0,A860C-A899C,0.28,favorable,ideal geometry with low energy; long-range disulfide likely stabilizing,True,1.075,-2.318,-0.3688,1490.0,596.0,N82V,Stabilizing,0.03656918100458047,,0.6839647119875454,0.8520710059171598,0.8027142044137174,0.9170147320705844,0.7323584652535552,1.0,0.8628141599057628,0.8780468393074756,0.6506731885260958,27.0,1
A0A8T9BDL5,fungal,GH11,223,23480.1674,0.1300448430493273,16.88340807174887,-0.2255605381165919,4.74272518157959,0.2286995515695067,0.3542600896860987,0.3991031390134529,14913.0,221.0,0.0,0.7864581150660571,,,-6.378,-8.709,0.7722077922077922,0.8887085555297936,0.8304581738687928,13.0,A86C-A204C,0.99,favorable,ideal geometry with low energy; long-range disulfide likely stabilizing,True,,,,,,,,0.8127541036199128,,,0.4319526627218935,0.8304581738687928,0.13146619178673574,0.007277971558894553,1.0,0.9307295046112264,0.5173684169892142,0.6481333392999533,28.0,1
A0ABM8V1H3,bacterial,GH11,210,23571.7195,0.1857142857142856,11.593333333333335,-0.4228571428571428,9.097149848937988,0.1904761904761904,0.3571428571428571,0.3952380952380952,15135.0,144.0,0.0,0.8104631937996933,,,-4.994,-7.926,0.4127272727272727,0.7071643867377695,0.559945829732521,92.0,,,,,,,,,,,,,0.8376448731299551,,,,0.559945829732521,0.13386217689277427,0.004695465521867454,1.0,1.0,0.5346394106036605,0.6440767044887122,29.0,1
Q96UV7,fungal,GH11,283,29473.8211,0.1236749116607773,29.285194346289742,-0.2346289752650177,4.550041007995605,0.1413427561837456,0.3957597173144876,0.431095406360424,13075.0,96.0,0.0,0.9488554461711528,,,-5.548,-6.566,0.5566233766233767,0.3918386274055181,0.4742310020144474,129.0,,,,,,,,,,,,,0.9811432425365445,,,,0.4742310020144474,0.11162916194484918,0.0030855916286557554,1.0,0.7683352244879843,0.47076249451537233,0.6420455796887881,30.0,1
A0ABN7S928,bacterial,GH10,334,38540.9679,0.1197604790419161,37.603922155688615,-0.4988023952095808,5.541824531555173,0.3473053892215569,0.2335329341317365,0.3473053892215569,24504.0,2703.0,0.0,0.639327048987617,,,-6.276,-8.268,0.7457142857142857,0.7864595409227917,0.7660869133185386,34.0,,,,,,,,,,,,,0.6601944934573468,,,,0.7660869133185386,0.23497922400302196,0.09052186745371613,1.0,0.6594062537540054,0.49622683630268594,0.6408360810261904,31.0,1
Q8J1V5,fungal,GH11,230,24669.7856,0.1434782608695652,16.788695652173907,-0.3817391304347826,9.160006523132324,0.2217391304347826,0.3652173913043478,0.3956521739130434,15461.0,220.0,0.0,0.5352324374544005,,,-6.58,-8.613,0.8246753246753247,0.8664502666357522,0.8455627956555385,9.0,,,,,,,,,,,,,0.5522592097758923,,,,0.8455627956555385,0.13738060547191194,0.007244432519452643,1.0,0.9319697094377829,0.5191486868572869,0.6389902307629058,32.0,1
G9DBG3,fungal,GH11,233,25013.9369,0.1287553648068669,30.892274678111576,-0.2618025751072961,4.38753833770752,0.167381974248927,0.407725321888412,0.407725321888412,12164.0,78.0,0.0,0.7109649775874046,,,-6.345,-7.764,0.7636363636363636,0.6696035242290749,0.7166199439327192,46.0,,,,,,,,,,,,,0.7344755732546666,,,,0.7166199439327192,0.1017969888295289,0.0024818889187013683,1.0,0.747291429037148,0.46289257669634454,0.6379960312945768,33.0,1
D2KPJ0,bacterial,GH11,210,23312.4401,0.1523809523809524,23.032857142857136,-0.3961904761904762,9.184697914123538,0.1380952380952381,0.3523809523809524,0.4380952380952381,13129.0,150.0,0.0,0.8279782338762746,,,-5.327,-7.522,0.4992207792207792,0.6134940876420125,0.5563574334313959,94.0,,,,,,,,,,,,,0.8558061476811799,,,,0.5563574334313959,0.11221196913280448,0.004896699758518916,1.0,0.8502059950981472,0.49182866599736763,0.6346640823699812,34.0,1
P14768,bacterial,GH10,611,64803.3873,0.0916530278232405,42.70181669394447,-0.2875613747954174,6.082761192321778,0.2176759410801964,0.4108019639934533,0.309328968903437,,,,0.4462095200801393,,,,,,,,,,,,,,,,,,,,,0.45995170509900096,,,,,,,1.0,0.5926522478908527,0.7963261239454263,0.6281389145222136,35.0,1
A0A286N5W6,bacterial,GH10,902,98762.3606,0.0942350332594235,33.004911308204115,-0.3501108647450111,4.7145898818969725,0.270509977827051,0.3248337028824833,0.3691796008869179,63002.0,7676.0,0.0,0.5464150495416908,,,-7.115,-8.662,0.9636363636363636,0.8778112682587528,0.9207238159475584,3.0,A221C-A242C,0.57,favorable,ideal geometry with low energy; long-range disulfide likely stabilizing,True,0.259,-1.647,-0.565,1490.0,298.0,T114R,Stabilizing,0.563854415235266,,0.2605085625324338,0.680473372781065,0.9207238159475584,0.6504775781123523,0.25731151059833646,1.0,0.7196276637447107,0.6568541881138499,0.6164828709220347,36.0,1
V9TS54,fungal,GH11,221,24700.994700000007,0.1447963800904977,34.21769230769231,-0.4981900452488688,8.72768154144287,0.1855203619909502,0.3619909502262443,0.3891402714932127,14356.0,352.0,0.0,0.8633569689705712,,,-5.574,-6.721,0.5633766233766234,0.4277764896823556,0.4955765565294895,117.0,,,,,,,,,,,,,0.8924902156886332,,,,0.4955765565294895,0.12545464357023367,0.011671585725784814,1.0,0.7037469919608935,0.460218305314228,0.6160950258441168,37.0,1
B3PIN1,bacterial,GH11,661,69192.0882,0.0937972768532526,31.956323751891084,-0.4576399394856278,6.405947685241699,0.1664145234493192,0.4417549167927383,0.3146747352496218,14376.0,165.0,0.0,0.5293234527076744,,,-6.638,-8.458,0.8397402597402598,0.8305124043589149,0.8351263320495874,10.0,,,,,,,,,,,,,0.546132207277749,,,,0.8351263320495874,0.12567049808429118,0.005399785350147571,1.0,0.7333583165381082,0.46610714999313674,0.6157885631068244,38.0,1
Q59674,bacterial,GH11,661,69192.0882,0.0937972768532526,31.956323751891084,-0.4576399394856278,6.405947685241699,0.1664145234493192,0.4417549167927383,0.3146747352496218,14376.0,165.0,0.0,0.5293234527076744,,,-6.57,-8.456,0.8220779220779222,0.8300486900069556,0.8260633060424389,14.0,,,,,,,,,,,,,0.546132207277749,,,,0.8260633060424389,0.12567049808429118,0.005399785350147571,1.0,0.7333583165381082,0.46610714999313674,0.612767554437775,39.0,1
A0A2D0WJC8,fungal,GH11,217,23412.9231,0.1612903225806451,24.888479262672806,-0.4552995391705069,4.630866050720214,0.1705069124423963,0.423963133640553,0.3870967741935484,13258.0,112.0,0.0,0.6514556453645807,60,,-7.046,-8.795,0.9457142857142858,0.9086482726640388,0.9271812791891624,1.0,,,,,,,,,,,,,0.6727705862187642,0.36507936507936506,,,0.9271812791891624,0.11360423074847553,0.0036222162597263213,1.0,0.8259076874465436,0.48578353361368637,0.6127036910252445,40.0,0
A0ABM8UZ22,bacterial,GH10,1474,160427.40709999998,0.087516960651289,30.35902985074645,-0.3346675712347354,4.622056007385253,0.2930800542740841,0.3263229308005427,0.3609226594301221,37260.0,4636.0,0.0,0.4312095964902472,,,-5.981,-6.853,0.6690909090909091,0.4583816369116623,0.5637362730012857,90.0,A436C-A465C,0.91,favorable,ideal geometry with low energy; long-range disulfide likely stabilizing,True,1.684,-0.942,-0.0038,1490.0,596.0,D367F,Stabilizing,0.4443983447085977,,1.0,0.47928994082840237,0.5637362730012857,0.37265123306891157,0.1553528306949289,1.0,0.7542739642907325,0.5705695070136433,0.6115988131103858,41.0,0
V9TXH2,bacterial,GH11,210,23145.1996,0.1714285714285714,19.571476190476183,-0.4119047619047619,9.300160789489745,0.1476190476190476,0.3809523809523809,0.4238095238095238,13062.0,88.0,0.0,0.810538022169019,,,-5.375,-6.933,0.5116883116883117,0.4769302109900301,0.4943092613391709,118.0,,,,,,,,,,,,,0.8377224623648984,,,,0.4943092613391709,0.11148885651071178,0.002817279313120472,1.0,0.8955307939255658,0.5024592324373495,0.6114969853804729,42.0,0
Q45UD8,fungal,GH11,211,22638.2696,0.1516587677725118,23.06303317535543,-0.1563981042654028,4.3100667953491225,0.1895734597156398,0.3696682464454977,0.4075829383886256,12989.0,84.0,0.0,0.5848440349766928,,,-6.023,-8.3,0.6799999999999999,0.7938789705541388,0.7369394852770694,42.0,,,,,,,,,,,,,0.6037012755426687,,,,0.7369394852770694,0.11070098753440182,0.002683123155352831,1.0,0.849810857255416,0.4907987419862927,0.6104798342686769,43.0,0
A0A291B2S7,fungal,GH11,294,31091.3274,0.1224489795918367,23.2438775510204,-0.6551020408163265,8.702732276916507,0.1496598639455782,0.4353741496598639,0.3197278911564625,13378.0,204.0,0.0,0.8363604036185069,,,-6.451,-8.629,0.7911688311688311,0.8701599814514258,0.8306644063101285,12.0,A85C-A203C,1.31,favorable,ideal geometry with low energy; long-range disulfide likely stabilizing,True,,,,,,,,0.8644975857457262,,,0.24260355029585795,0.8306644063101285,0.11489935783282068,0.006707807888382077,1.0,0.8474428038516302,0.49226249239320824,0.6075070086862302,44.0,0
S4S3F1,fungal,GH11,234,25508.676,0.1111111111111111,31.666709401709408,-0.3072649572649573,4.2890932083129885,0.1880341880341881,0.3717948717948718,0.3888888888888889,12217.0,144.0,0.0,0.6893550209104192,,,-5.924,-7.606,0.6542857142857145,0.6329700904242985,0.6436279023550064,69.0,,,,,,,,,,,,,0.7120682961639588,,,,0.6436279023550064,0.10236900329178134,0.004695465521867454,1.0,0.7371506503898585,0.4610537798008768,0.605583326106614,45.0,0
A0A291NUI0,bacterial,GH11,213,23358.412600000003,0.1596244131455399,15.86619718309859,-0.4281690140845071,9.442055702209473,0.1737089201877934,0.380281690140845,0.4225352112676056,13167.0,126.0,0.0,0.6227893110031075,100,5.0,-5.669,-7.504,0.5880519480519479,0.6093206584743797,0.5986863032631637,82.0,A128C-A176C,1.27,favorable,ideal geometry with low energy; long-range disulfide likely stabilizing,True,,,,,,,,0.6430465795114073,1.0,,0.2662721893491124,0.5986863032631637,0.11262209270951379,0.004091762811913067,1.0,0.9440492979328542,0.5151907883635702,0.6046391720974509,46.0,0
A0A291B2W8,fungal,GH11,227,24999.4456,0.1365638766519824,31.323788546255496,-0.4766519823788546,8.489664268493652,0.211453744493392,0.3127753303964757,0.3700440528634361,14017.0,300.0,0.0,0.7910994623394553,,,-5.634,-6.836,0.5789610389610391,0.4544400649200092,0.5167005519405242,111.0,,,,,,,,,,,,,0.817566697924648,,,,0.5167005519405242,0.12179590955695861,0.009927555674805473,1.0,0.7416410023623807,0.4683411168985362,0.6008694555879028,47.0,0
B3PIN0,bacterial,GH11,357,37897.5262,0.1176470588235294,32.80117647058824,-0.4843137254901961,8.669659996032717,0.1456582633053221,0.4313725490196079,0.3529411764705882,23968.0,450.0,0.0,0.5442892790565865,,,-6.314,-8.028,0.7555844155844156,0.7308138186876885,0.743199117136052,40.0,,,,,,,,,,,,,0.5616502123762335,,,,0.743199117136052,0.2291943230262803,0.01495841159109203,1.0,0.7222954546224308,0.4916120473099508,0.5988204589407454,48.0,0
Q21G61,bacterial,GH11,767,80783.6335,0.0925684485006518,27.05868318122554,-0.5413298565840938,4.607050514221191,0.1603650586701434,0.4250325945241199,0.3376792698826597,13752.0,143.0,0.0,0.4448811528158405,,,-6.643,-8.589,0.841038961038961,0.8608856944122422,0.8509623277256015,7.0,,,,,,,,,,,,,0.4585743264297939,,,,0.8509623277256015,0.1189358372456964,0.004661926482425543,1.0,0.7974901115206064,0.48027196881218215,0.5966028743225259,49.0,0
E0S1S5,bacterial,GH10,996,109454.9694,0.1224899598393574,25.62585341365464,-0.4669678714859438,5.490044212341308,0.2379518072289156,0.3724899598393574,0.3614457831325301,69469.0,7743.0,0.0,0.510278182453098,,,-5.38,-6.952,0.512987012987013,0.4813354973336424,0.4971612551603277,116.0,A107C-A180C,0.03,favorable,ideal geometry with low energy; long-range disulfide likely stabilizing,True,0.21,-2.918,-1.1254,1490.0,298.0,G211C,Stabilizing,0.5263842432146744,,0.23508043591074207,1.0,0.4971612551603277,0.7202741352328531,0.25955862624094445,1.0,0.8162521957472548,0.699021239305263,0.5915294347182014,50.0,0
A0A8H8R2B4,fungal,GH11,223,23398.1329,0.1300448430493273,18.68121076233184,-0.1668161434977578,4.984575080871582,0.2197309417040358,0.3632286995515695,0.3991031390134529,14876.0,168.0,0.0,0.8430870672011213,,,-6.52,-8.571,0.809090909090909,0.8567122652446092,0.8329015871677591,11.0,A47C-A86C,1.48,favorable,ideal geometry with low energy; long-range disulfide likely stabilizing,True,,,,,,,,0.8714724361373577,,,0.14201183431952663,0.8329015871677591,0.1310668609357293,0.005500402468473303,1.0,0.9071883092319617,0.5109388931590411,0.5893311876959211,51.0,0
A0A2Z5XER4,fungal,GH10,404,42768.1713,0.0965346534653465,28.41611386138613,-0.0972772277227723,5.064263343811034,0.2772277227722772,0.297029702970297,0.4034653465346535,27619.0,754.0,0.0,0.3717960822893696,,,-5.802,-7.186,0.6225974025974025,0.535590076512868,0.5790937395551352,85.0,A103C-A145C,0.24,favorable,ideal geometry with low energy; long-range disulfide likely stabilizing,True,,,,,,,,0.3827927109939503,,,0.8757396449704142,0.5790937395551352,0.2685985645674815,0.02515427958143279,1.0,0.7797153351100169,0.5183670448147328,0.5889982850835581,52.0,0
J7JXS8,bacterial,GH10,1454,160052.7049,0.09353507565337,27.137771664374323,-0.3740027510316368,4.869646644592284,0.2668500687757909,0.3445667125171939,0.375515818431912,95387.0,22344.0,0.0,0.0409605690439105,,,-5.798,-7.538,0.6215584415584416,0.6172038024576861,0.6193811220080638,77.0,A704C-A743C,0.09,favorable,ideal geometry with low energy; long-range disulfide likely stabilizing,True,0.552,-2.606,-1.099,1490.0,596.0,H241Y,Stabilizing,0.03975069903876303,,0.412558380902958,0.9644970414201183,0.6193811220080638,1.0,0.749262141132278,1.0,0.796454493182839,0.8864291585787794,0.5845232803897364,53.0,0
A0A024FSH9,fungal,GH10,404,42897.0231,0.099009900990099,31.8834405940594,-0.0853960396039604,4.492633628845215,0.2326732673267327,0.3514851485148514,0.3886138613861386,27792.0,600.0,0.0,0.4373157616866368,,,-6.528,-8.906,0.8111688311688311,0.9343844191977744,0.8727766251833027,4.0,A327C-A382C,0.87,favorable,ideal geometry with low energy; long-range disulfide likely stabilizing,True,,,,,,,,0.4507298028212765,,,0.5029585798816568,0.8727766251833027,0.2704657061140791,0.01998926750737859,1.0,0.7343126796989604,0.5061919133301045,0.5831642303040852,54.0,0
Q7SDQ1,fungal,GH11,220,23847.7103,0.15,19.015499999999992,-0.500909090909091,9.197462654113773,0.1954545454545454,0.3863636363636364,0.3681818181818181,13405.0,112.0,0.0,0.5227792192279271,,,-6.058,-7.908,0.6890909090909091,0.7029909575701369,0.696040933330523,57.0,,,,,,,,,,,,,0.5393465179254352,,,,0.696040933330523,0.11519076142679834,0.0036222162597263213,1.0,0.9028109833450039,0.5054059902578821,0.5802644805046134,55.0,0
A0A2L1GH36,bacterial,GH11,380,41699.2869,0.1263157894736842,16.2058947368421,-0.1963157894736842,8.38522548675537,0.1973684210526316,0.331578947368421,0.4421052631578947,26309.0,667.0,0.0,0.9185670961711282,,,-6.376,-8.448,0.7716883116883118,0.828193832599119,0.7999410721437155,21.0,A327C-A352C,1.72,favorable,ideal geometry with low energy; long-range disulfide likely stabilizing,True,,,,,,,,0.9497373743427557,,,0.0,0.7999410721437155,0.2544600938967136,0.022236383149986584,1.0,0.9396011532479995,0.554074407573675,0.5759382135150366,56.0,0
B9VSZ3,bacterial,GH10,471,49421.8835,0.0764331210191082,29.942675159235648,-0.3537154989384288,8.88066501617432,0.2420382165605096,0.3460721868365179,0.3248407643312102,21985.0,986.0,0.0,0.6919925270132381,55,5.5,-5.886,-8.837,0.6444155844155844,0.918386274055182,0.7814009292353832,27.0,,,,,,,,,,,,,0.7148031156250843,0.2857142857142857,,,0.7814009292353832,0.20779234795747667,0.032935336731956,1.0,0.7597258902397092,0.5001133937322855,0.5705079310767597,57.0,0
A0A2L1GIZ3,fungal,GH11,218,23617.0298,0.1513761467889908,20.971559633027507,-0.4513761467889909,4.2225347518920895,0.1605504587155963,0.4036697247706422,0.4082568807339449,14944.0,242.0,0.0,0.4127984163584939,,,-6.709,-7.877,0.8581818181818182,0.6958033851147692,0.7769926016482938,29.0,,,,,,,,,,,,,0.4253078661414431,,,,0.7769926016482938,0.1318007662835249,0.007982291387174672,1.0,0.8771975040484179,0.5042451404297794,0.5688485360731721,58.0,0
A0A8D5NPL2,bacterial,GH11,331,35420.4376,0.120845921450151,23.653504531722067,-0.3894259818731118,9.199396705627445,0.1631419939577039,0.3957703927492447,0.3806646525679758,22225.0,360.0,0.0,0.8010727082456378,,,-4.738,-6.465,0.3462337662337664,0.3684210526315788,0.3573274094326726,139.0,,,,,,,,,,,,,0.8279079164589543,,,,0.3573274094326726,0.21038260212616697,0.011939898041320096,1.0,0.8420789734180529,0.516100368396385,0.567111898096004,59.0,0
J7FK35,fungal,GH10,473,50360.8876,0.095137420718816,34.57061310782239,-0.2357293868921776,4.7242525100708,0.2600422832980972,0.3319238900634249,0.3699788583509513,32205.0,1530.0,0.0,0.3703362846317706,,,-6.467,-7.5,0.7953246753246752,0.6083932297704614,0.7018589525475682,54.0,A102C-A144C,0.6,favorable,ideal geometry with low energy; long-range disulfide likely stabilizing,True,,,,,,,,0.38127905267898365,,,0.6627218934911243,0.7018589525475682,0.31809400464087206,0.05118057418835525,1.0,0.6991256964467709,0.5171000688189995,0.565739991884169,60.0,0
D3GKE3,bacterial,GH11,385,41425.9429,0.1116883116883116,22.806779220779227,-0.5212987012987014,6.438686943054199,0.2103896103896104,0.3922077922077921,0.3740259740259741,23558.0,600.0,0.0,0.5366090597312149,,6.0,-6.275,-6.935,0.7454545454545456,0.4773939253419892,0.6114242353982674,79.0,,,,,,,,,,,,,0.5536866238733333,,,,0.6114242353982674,0.224769305488101,0.01998926750737859,1.0,0.8531663558554494,0.5244812322127322,0.563197363828111,61.0,0
A0A0K3A9X5,bacterial,GH10,403,44466.2062,0.0992555831265508,28.88238213399504,-0.1985111662531017,8.763783836364745,0.3325062034739454,0.2655086848635236,0.3325062034739454,28451.0,2520.0,0.0,0.3176568595995343,,,-6.867,-8.056,0.8992207792207793,0.7373058196151169,0.8182632994179481,17.0,,,,,,,,,,,,,0.32665596891622856,,,,0.8182632994179481,0.2775781123522746,0.08438422323584653,1.0,0.7736098194368375,0.5338930387562397,0.5596041023634721,62.0,0
Q6GVM9,bacterial,GH11,542,59745.1397,0.1236162361623616,23.40909594095941,-0.5588560885608855,5.338568305969238,0.2214022140221402,0.3726937269372694,0.3653136531365313,37549.0,2448.0,0.0,0.3481126537303141,,,-6.246,-8.117,0.7379220779220781,0.7514491073498727,0.7446855926359754,39.0,,,,,,,,,,,,,0.3582354592551759,,,,0.7446855926359754,0.3757703307970428,0.08196941239602898,1.0,0.8452793637710392,0.5757547767410277,0.5595586095440597,63.0,0
G0YP27,fungal,GH11,256,28020.577,0.12890625,35.34027343750001,-0.301171875,4.704188346862792,0.2109375,0.35546875,0.3984375,17593.0,540.0,0.0,0.6908148446945479,,,-4.993,-7.312,0.4124675324675326,0.5648040806862973,0.4886358065769149,121.0,,,,,,,,,,,,,0.7135819815694189,,,,0.4886358065769149,0.16039069667044412,0.017976925140863964,1.0,0.6890474357502455,0.4668537643903884,0.5563571841789074,64.0,0
A0A0S3G5Y8,bacterial,GH11,194,21156.827,0.1597938144329896,21.5180412371134,-0.4536082474226804,9.051054954528809,0.1546391752577319,0.3814432989690722,0.4278350515463917,13539.0,112.0,0.0,0.8091830153631242,,,-6.06,-8.149,0.6896103896103896,0.7588685369812194,0.7242394632958045,45.0,A57C-A186C,1.46,favorable,ideal geometry with low energy; long-range disulfide likely stabilizing,True,,,,,,,,0.8363174612622439,,,0.15384615384615385,0.7242394632958045,0.11663698667098375,0.0036222162597263213,1.0,0.8700416407935976,0.49757521093107693,0.5529945723338198,65.0,0
E9S8N5,bacterial,GH11,540,59500.7861,0.124074074074074,23.458759259259253,-0.5714814814814815,5.338568305969238,0.2185185185185185,0.3740740740740741,0.3648148148148148,37543.0,2448.0,0.0,0.3483262282288823,,,-5.971,-8.062,0.6664935064935066,0.7386969626709945,0.7025952345822506,53.0,,,,,,,,,,,,,0.358456913793029,,,,0.7025952345822506,0.37570557444282554,0.08196941239602898,1.0,0.8446290510946797,0.5755760094833835,0.5455427192862211,66.0,0
A0A059P9J8,fungal,GH10,351,37931.1541,0.094017094017094,28.083789173789164,-0.0974358974358974,4.572833442687989,0.2991452991452991,0.2877492877492877,0.4131054131054131,22618.0,748.0,0.0,0.3429861875271491,,,-5.88,-6.579,0.6428571428571429,0.3948527706932528,0.5188549567751979,110.0,A203C-A236C,0.47,favorable,ideal geometry with low energy; long-range disulfide likely stabilizing,True,,,,,,,,0.35291984708493945,,,0.7396449704142012,0.5188549567751979,0.21462414332739732,0.024953045344781325,1.0,0.7840669363402589,0.5059110312531094,0.5293327013818621,67.0,0
A0A0K3A1E7,bacterial,GH10,404,44544.2138,0.0965346534653465,29.30173267326732,-0.2141089108910891,7.134850883483888,0.344059405940594,0.2623762376237624,0.3193069306930693,28377.0,2632.0,0.0,0.1229591904857339,,,-6.84,-8.999,0.8922077922077922,0.9559471365638768,0.9240774643858344,2.0,,,,,,,,,,,,,0.12477473953856551,,,,0.9240774643858344,0.2767794506502617,0.0881405956533405,1.0,0.7681186645792331,0.5332596777207088,0.5273706272150362,68.0,0
G0YP25,fungal,GH11,225,24057.8449,0.1333333333333333,22.236044444444428,-0.38,5.013392448425292,0.1955555555555556,0.3733333333333333,0.4,13077.0,140.0,0.0,0.5065972572216854,,,-6.093,-6.675,0.6981818181818182,0.4171110595872941,0.5576464388845561,93.0,,,,,,,,,,,,,0.5225675066592383,,,,0.5576464388845561,0.11165074739625493,0.004561309364099812,1.0,0.8606398004941832,0.4942129643136345,0.5248089699524763,69.0,0
A0A5P6VQ80,bacterial,GH10,694,76443.6331,0.1152737752161383,16.463559077809798,-0.4403458213256484,8.638134956359862,0.2507204610951009,0.3357348703170029,0.3919308357348703,48490.0,3432.0,0.0,0.756813567092409,,5.6,-5.327,-7.343,0.4992207792207792,0.5719916531416647,0.535606216181222,104.0,A130C-A188C,0.64,favorable,ideal geometry with low energy; long-range disulfide likely stabilizing,True,-0.211,-2.426,-1.3332,1490.0,0.0,G317V,Destabilizing,0.7820157911557448,,0.01660612350804359,0.6390532544378699,0.535606216181222,0.493853542712212,0.1149718272068688,1.0,0.9362271864468802,0.6362631390914902,0.5219089048748742,70.0,0
Q8VP72,bacterial,GH11,357,37911.55280000001,0.1176470588235294,32.80117647058824,-0.4840336134453782,8.669659996032717,0.1456582633053221,0.4285714285714285,0.3557422969187675,19332.0,280.0,0.0,0.5465203360603805,,,-5.349,-7.093,0.504935064935065,0.5140273591467656,0.5094812120409153,113.0,,,,,,,,,,,,,0.5639635864026802,,,,0.5094812120409153,0.17915924666774594,0.009256774885967265,1.0,0.7222954546224308,0.477677869044036,0.5170408891625439,71.0,0
P23030,bacterial,GH10,599,64362.0887,0.0968280467445742,32.64075125208682,-0.3011686143572621,6.365250968933106,0.2136894824707846,0.3606010016694491,0.3606010016694491,20765.0,667.0,0.0,0.4808231108389394,,,-5.757,-6.981,0.6109090909090908,0.4880593554370507,0.5494842231730708,98.0,,,,,,,,,,,,,0.4958423980249523,,,,0.5494842231730708,0.19462522259996762,0.022236383149986584,1.0,0.7243961308714348,0.48531443415534725,0.5102136851177901,72.0,0
Q9HEN7,fungal,GH11,114,12692.7111,0.1578947368421052,15.385964912280706,-0.7008771929824562,9.644164085388184,0.1228070175438596,0.3859649122807017,0.3771929824561404,7995.0,40.0,0.0,0.5215540819686129,,,-5.241,-6.98,0.4768831168831168,0.4878274982610712,0.482355307572094,123.0,,,,,,,,,,,,,0.5380761780328596,,,,0.482355307572094,0.056802115374237766,0.0012074054199087737,1.0,0.9503376641556716,0.5020867962374544,0.5075060939474693,73.0,0
E0S2F5,bacterial,GH10,1233,136886.414,0.1086780210867802,27.760356853203763,-0.4490673154906732,4.554701805114747,0.3268450932684509,0.2903487429034874,0.364963503649635,85718.0,29820.0,0.0,0.0454255565769818,,,-5.892,-6.731,0.6459740259740261,0.4300950614421515,0.5380345437080888,103.0,A911C-A1029C,0.42,favorable,ideal geometry with low energy; long-range disulfide likely stabilizing,True,0.233,-1.421,-0.4532,1490.0,298.0,S92A,Stabilizing,0.044380426638663095,,0.2470160871821484,0.7692307692307693,0.5380345437080888,0.8956451351788894,1.0,1.0,0.7883020971233374,0.9209868080755568,0.5039297269670453,74.0,0
A0A291B2R6,fungal,GH11,227,25614.6671,0.1674008810572687,32.517268722466945,-0.7004405286343612,8.615957832336429,0.1541850220264317,0.3480176211453744,0.3744493392070484,14030.0,204.0,0.0,0.3611535951952894,,,-5.806,-7.955,0.6236363636363637,0.7138882448411779,0.6687623042387707,65.0,,,,,,,,,,,,,0.37175755896584345,,,,0.6687623042387707,0.121936214991096,0.006707807888382077,1.0,0.7260130637923465,0.46366427166795615,0.5013947116241901,75.0,0
A0A3Q8TLG0,bacterial,GH10,478,53806.4271,0.098326359832636,42.91612970711297,-0.5974895397489539,5.20727024078369,0.294979079497908,0.3158995815899581,0.3326359832635983,34360.0,4824.0,0.0,0.0848327004434658,,,-5.682,-9.189,0.5914285714285715,1.0,0.7957142857142858,23.0,A86C-A125C,0.51,favorable,ideal geometry with low energy; long-range disulfide likely stabilizing,True,0.457,-3.247,-1.63,1490.0,298.0,S17G,Stabilizing,0.08524153548623853,,0.3632589517384535,0.7159763313609467,0.7957142857142858,0.3413523285305704,0.16165817011000805,1.0,0.5898459418697606,0.5232141101275847,0.49668104288550186,76.0,0
F2Z9G6,bacterial,GH10,577,61811.4192,0.1091854419410745,20.04402079722703,-0.2649913344887348,5.62435474395752,0.2287694974003466,0.3726169844020797,0.3847487001733102,38616.0,1443.0,0.0,0.5485946540899654,,6.0,-4.751,-6.262,0.3496103896103897,0.3213540459077207,0.3354822177590552,140.0,,,,,,,,,,,,,0.5661144384176988,,,,0.3354822177590552,0.38728616912201175,0.04826267775690904,1.0,0.8893430932556262,0.5812229850336368,0.4942732137367969,77.0,0
Q21NZ2,bacterial,GH10,670,75153.7582,0.1134328358208955,39.056283582089655,-0.516268656716418,4.326663780212404,0.2716417910447761,0.3298507462686567,0.3567164179104478,48114.0,5665.0,0.0,0.2502018055346264,,,-5.238,-7.314,0.4761038961038962,0.5652677950382564,0.5206858455710763,109.0,A274C-A571C,0.37,favorable,ideal geometry with low energy; long-range disulfide likely stabilizing,True,0.364,-0.549,-0.1326,1490.0,596.0,N99R,Stabilizing,0.25671209488658775,,0.31499740529320186,0.7988165680473374,0.5206858455710763,0.4897954778479305,0.18986450228065468,1.0,0.6403884136543627,0.580012098445737,0.4942448024487881,78.0,0
A0ACD6BAS8,bacterial,GH11,224,25053.9715,0.125,29.035758928571425,-0.6991071428571428,5.30759105682373,0.1919642857142857,0.3303571428571428,0.3660714285714286,,,,0.1009463305064799,,,,,,,,,,,,,,,,,,,,,0.10194969363556265,,,,,,,1.0,0.7716014382575895,0.8858007191287948,0.4938752063821787,79.0,0
Q9HEP2,fungal,GH11,114,12614.6423,0.1491228070175438,15.878070175438598,-0.6552631578947369,9.694449424743652,0.1228070175438596,0.3859649122807017,0.3771929824561404,7949.0,40.0,0.0,0.528530972420047,,,-5.014,-6.759,0.417922077922078,0.4365870623695804,0.4272545701458292,135.0,,,,,,,,,,,,,0.5453104876575194,,,,0.4272545701458292,0.05630564999190545,0.0012074054199087737,1.0,0.9438938279060951,0.5003517208294773,0.4909722595442753,80.0,0
Q4P0L3,fungal,GH11,221,23812.6286,0.1493212669683258,28.49909502262442,-0.4828054298642534,8.939524650573734,0.2126696832579185,0.3846153846153846,0.334841628959276,12722.0,144.0,0.0,0.2825025767596893,,,-5.918,-8.073,0.6527272727272728,0.7412473916067703,0.6969873321670216,56.0,,,,,,,,,,,,,0.2902046345479172,,,,0.6969873321670216,0.10781932977173385,0.004695465521867454,1.0,0.7786287443847159,0.4727858849195793,0.48665928387817264,81.0,0
A5H0S3,bacterial,GH11,213,23401.5914,0.1596244131455399,24.4262910798122,-0.4577464788732394,9.696641349792484,0.1877934272300469,0.380281690140845,0.4084507042253521,12993.0,144.0,0.0,0.6087836938558171,50,6.0,-6.63,-6.604,0.8376623376623377,0.4006492000927428,0.6191557688775402,78.0,,,,,,,,,,,,,0.6285242114689054,0.20634920634920634,,,0.6191557688775402,0.11074415843721332,0.004695465521867454,1.0,0.8319597766839785,0.48684985016076476,0.48521975921410415,82.0,0
Q9HEN5,fungal,GH11,114,12692.7111,0.1578947368421052,19.83070175438596,-0.7035087719298246,9.644164085388184,0.1228070175438596,0.3771929824561404,0.3771929824561404,8005.0,40.0,0.0,0.5,,,-5.005,-6.921,0.4155844155844156,0.474147924878275,0.4448661702313453,133.0,,,,,,,,,,,,,0.515726837202348,,,,0.4448661702313453,0.056910042631266526,0.0012074054199087737,1.0,0.89213638380522,0.48756345796409883,0.482718821799264,83.0,0
B3A0S5,fungal,GH10,327,36197.3094,0.0886850152905198,26.428746177370023,-0.4464831804281345,8.565930366516112,0.2935779816513761,0.2966360856269113,0.345565749235474,,,,0.0609204814051077,,,,,,,,,,,,,,,,,,,,,0.06044705182043732,,,,,,,1.0,0.805738775382369,0.9028693876911845,0.4816582197558109,84.0,0
A0A291NUE5,bacterial,GH11,213,23478.6322,0.164319248826291,23.65727699530516,-0.447887323943662,9.645646858215333,0.1830985915492957,0.3755868544600939,0.4131455399061033,13203.0,136.0,0.0,0.5642227185736092,50,6.0,-5.929,-7.608,0.6555844155844157,0.6334338047762577,0.6445091101803366,68.0,,,,,,,,,,,,,0.5823191155723457,0.20634920634920634,,,0.6445091101803366,0.11301063083481733,0.004427153206332171,1.0,0.8420295751705499,0.4898668398029249,0.4807610679762034,85.0,0
B5SYI8,bacterial,GH11,213,23432.6054,0.1596244131455399,24.4262910798122,-0.4666666666666667,9.696641349792484,0.1877934272300469,0.3755868544600939,0.4084507042253521,13007.0,144.0,0.0,0.5608954144145568,50,6.0,-5.903,-7.504,0.6488311688311688,0.6093206584743797,0.6290759136527742,72.0,,,,,,,,,,,,,0.5788690472833911,0.20634920634920634,,,0.6290759136527742,0.11089525659705358,0.004695465521867454,1.0,0.8319597766839785,0.4868876247007249,0.4752954479965241,86.0,0
Q9HEN3,fungal,GH11,114,12758.6831,0.1666666666666666,13.270175438596487,-0.8184210526315789,9.434448432922364,0.1228070175438596,0.3947368421052632,0.3771929824561404,8034.0,50.0,0.0,0.4551879326639653,,,-5.24,-6.666,0.4766233766233767,0.4150243450034779,0.4458238608134273,132.0,,,,,,,,,,,,,0.46926138496590897,,,,0.4458238608134273,0.05722303167664994,0.0015427958143278777,1.0,0.9780427141271122,0.5092021354045225,0.4747624603946196,87.0,0
Q21GI8,bacterial,GH10,619,65021.7208,0.0920840064620355,50.28678513731843,-0.3126009693053312,5.148498725891112,0.2132471728594507,0.4345718901453957,0.3021001615508885,41538.0,1760.0,0.0,0.3216575588168792,,,-6.181,-6.753,0.721038961038961,0.4351959193137027,0.5781174401763318,87.0,,,,,,,,,,,,,0.3308042778304753,,,,0.5781174401763318,0.4188225136258162,0.05889455325999463,1.0,0.49333143531985696,0.49276212555141696,0.4672279478527413,88.0,0
A0A1X9RHS0,bacterial,GH10,333,38731.1001,0.1171171171171171,47.40093093093092,-0.4687687687687688,5.323562812805174,0.3123123123123123,0.2492492492492493,0.3753753753753753,24906.0,2499.0,0.0,0.1008912465798012,,,-6.322,-8.708,0.7576623376623377,0.888476698353814,0.8230695180080758,15.0,,,,,,,,,,,,,0.10189257733372163,,,,0.8230695180080758,0.2393178997355782,0.08367990340756641,1.0,0.531120041413561,0.46352946113917637,0.4628305188269913,89.0,0
Q7Z8B8,fungal,GH11,337,36742.0792,0.1186943620178041,18.329703264094952,-0.56973293768546,6.818939781188964,0.2077151335311572,0.344213649851632,0.3501483679525222,22838.0,1152.0,0.0,0.1041636469088825,,,-6.051,-8.168,0.6872727272727274,0.7632738233248317,0.7252732752987796,44.0,,,,,,,,,,,,,0.10528571606238644,,,,0.7252732752987796,0.2169985429820301,0.03850281727931312,1.0,0.9117910983681754,0.5418231146573796,0.4574607020061819,90.0,0
E3WF08,bacterial,GH10,349,40472.9089,0.1117478510028653,43.62151862464185,-0.4911174785100287,5.5188615798950185,0.3065902578796561,0.2521489971346705,0.3667621776504298,25051.0,2862.0,0.0,0.0881444122740701,,7.5,-6.261,-8.566,0.7418181818181819,0.8555529793647115,0.7986855805914468,22.0,,,,,,,,,,,,,0.08867543615258995,,,,0.7986855805914468,0.2408828449624953,0.09585457472497988,1.0,0.5806092784623148,0.47933667453744755,0.4555658970938281,91.0,0
G0YP28,fungal,GH11,231,24845.4738,0.1255411255411255,25.19614718614717,-0.3593073593073593,4.0500284194946286,0.2727272727272727,0.3506493506493506,0.3982683982683983,15336.0,352.0,0.0,0.224893824809356,,,-5.821,-7.694,0.6275324675324675,0.6533735219105031,0.6404529947214853,70.0,,,,,,,,,,,,,0.23047035154605774,,,,0.6404529947214853,0.1360315147590524,0.011671585725784814,1.0,0.8218789524043827,0.492395513222305,0.4544396198299494,92.0,0
A0ACD6BAA5,bacterial,GH10,408,47680.1261,0.1127450980392156,30.94558823529412,-0.6607843137254903,6.101574897766112,0.3382352941176471,0.2352941176470588,0.3284313725490196,,,,0.0355515091455076,,,,,,,,,,,,,,,,,,,,,0.03414206660347316,,,,,,,1.0,0.746593318575654,0.8732966592878271,0.45371936294565013,93.0,0
A0A8T9CAR3,fungal,GH11,166,18070.026,0.1265060240963855,34.0072891566265,-0.2138554216867469,8.546783256530762,0.2771084337349397,0.3253012048192771,0.3734939759036144,11233.0,165.0,0.0,0.1995965750096318,,,-6.048,-7.998,0.6864935064935065,0.7238581034083005,0.7051758049509035,51.0,,,,,,,,,,,,,0.20423973505903084,,,,0.7051758049509035,0.0917489612001511,0.005399785350147571,1.0,0.7065021005796525,0.4509127117824878,0.453442750597474,94.0,0
E0RYH1,bacterial,GH10,476,53629.4024,0.1071428571428571,45.09771008403364,-0.7090336134453782,4.677871894836424,0.2983193277310924,0.3214285714285714,0.3403361344537815,34271.0,4104.0,0.0,0.0038711960375392,,,-7.255,-7.629,1.0,0.6383028054718292,0.8191514027359146,16.0,A190C-A277C,0.18,favorable,ideal geometry with low energy; long-range disulfide likely stabilizing,True,-0.243,-1.69,-1.1116,1490.0,0.0,N110D,Destabilizing,0.0012928774661974402,,0.0,0.911242603550296,0.8191514027359146,0.3403917759430144,0.13751006171183258,1.0,0.5612793977447177,0.5097953088498912,0.4482964385204598,95.0,0
Q5YB84,fungal,GH11,607,66214.3455,0.1252059308072487,17.31879736408567,-0.5112026359143328,6.710263633728028,0.214168039538715,0.3426688632619439,0.3558484349258649,15137.0,506.0,0.0,0.0971064168698425,,,-5.941,-8.298,0.6587012987012987,0.7934152562021795,0.726058277451739,43.0,,,,,,,,,,,,,0.09796810264273313,,,,0.726058277451739,0.13388376234418004,0.016836597799839013,1.0,0.9250283314788085,0.5189371729057068,0.44765451766672637,96.0,0
V9NCQ7,bacterial,GH11,366,40368.5408,0.1256830601092896,26.599781420765048,-0.4909836065573771,4.683839988708496,0.1885245901639344,0.3688524590163935,0.3852459016393442,23686.0,1107.0,0.0,0.1401356348941198,,,-6.093,-7.706,0.6981818181818182,0.6561558080222584,0.6771688131020384,61.0,,,,,,,,,,,,,0.14258492560440494,,,,0.6771688131020384,0.22615077437806919,0.036993560504427155,1.0,0.8034991669411352,0.5166608754559079,0.44547153805411704,97.0,0
A0A8D5NM93,bacterial,GH10,477,51194.3325,0.0838574423480083,26.95052410901468,-0.3549266247379455,7.022480201721192,0.2557651991614256,0.3396226415094339,0.3249475890985325,61606.0,6888.0,0.0,0.0486295924170091,,,-5.965,-7.899,0.6649350649350649,0.7009042429863204,0.6829196539606927,59.0,A209C-A242C,0.71,favorable,ideal geometry with low energy; long-range disulfide likely stabilizing,True,0.147,-2.212,-0.7828,1490.0,596.0,A125V,Stabilizing,0.04770267850381887,,0.20238713025428126,0.5976331360946746,0.6829196539606927,0.635410933031137,0.23088274751811108,1.0,0.7989063925531652,0.6663000182756034,0.4393885234178142,98.0,0
E9SDY0,bacterial,GH10,830,91331.0101,0.1180722891566264,23.291337349397587,-0.4804819277108434,5.159866523742674,0.272289156626506,0.3313253012048192,0.3638554216867469,57783.0,7812.0,0.0,0.0808835849155795,,,-5.448,-8.007,0.5306493506493508,0.7259448179921167,0.6282970843207338,73.0,A191C-A223C,1.11,favorable,ideal geometry with low energy; long-range disulfide likely stabilizing,True,0.618,-2.157,-0.2758,1490.0,894.0,S82V,Stabilizing,0.08114671349194894,,0.44680851063829785,0.36094674556213013,0.6282970843207338,0.5941503426690411,0.2618728199624363,1.0,0.8468213450051673,0.6757111269091611,0.43858203618445435,99.0,0
U5HTZ3,fungal,GH10,396,41812.4407,0.0909090909090909,31.21037878787877,-0.0656565656565656,5.940493202209471,0.2575757575757576,0.3257575757575757,0.3813131313131313,26966.0,783.0,0.0,0.2303990931522576,,,-5.574,-7.294,0.5633766233766234,0.5606306515186643,0.5620036374476438,91.0,,,,,,,,,,,,,0.23617874213017556,,,,0.5620036374476438,0.26155091468350333,0.02612691172524819,1.0,0.7431260381195561,0.5077009661320769,0.43529444856996546,100.0,0
A0A9P5GH10,fungal,GH10,360,40406.9492,0.1277777777777777,38.315333333333314,-0.2761111111111111,5.152989006042478,0.3083333333333333,0.2527777777777777,0.3888888888888889,26045.0,1596.0,0.0,0.0057353314938986,,,-6.584,-8.312,0.8257142857142856,0.7966612566658936,0.8111877711900897,18.0,,,,,,,,,,,,,0.0032257920170971747,,,,0.8111877711900897,0.2516108143111543,0.05339415079152133,1.0,0.6500907323034864,0.4887739243515405,0.4343958291862424,101.0,0
Q288H9,bacterial,GH10,371,42137.9126,0.0997304582210242,29.166064690026943,-0.4320754716981132,8.601387977600101,0.3665768194070081,0.2964959568733153,0.3557951482479784,24703.0,2520.0,0.0,0.0642765439256257,,,-5.88,-8.255,0.6428571428571429,0.7834453976350569,0.7131512702460999,48.0,,,,,,,,,,,,,0.06392693953863317,,,,0.7131512702460999,0.23712697641789435,0.08438422323584653,1.0,0.7698951590282079,0.5228515896704872,0.4333099331517401,102.0,0
A7TVD4,bacterial,GH10,478,51143.3806,0.0878661087866108,33.05523012552302,-0.3389121338912134,8.270665168762209,0.2656903765690377,0.3242677824267782,0.3221757322175732,61880.0,7176.0,0.0,0.1718684742835543,60,7.8,-6.012,-8.318,0.677142857142857,0.7980523997217712,0.7375976284323141,41.0,A209C-A242C,0.72,favorable,ideal geometry with low energy; long-range disulfide likely stabilizing,True,-0.095,-1.743,-0.7768,1490.0,0.0,R65L,Destabilizing,0.17548857903149617,0.36507936507936506,0.0768033212247016,0.591715976331361,0.7375976284323141,0.6383681398737251,0.24054199087738126,1.0,0.7189687676845575,0.6494697246089159,0.43269243245135897,103.0,0
E0RXQ0,bacterial,GH10,434,48532.6259,0.1105990783410138,28.64103686635945,-0.4587557603686636,4.549472618103027,0.3341013824884793,0.3018433179723502,0.3317972350230415,30877.0,2948.0,0.0,0.0026243231613715,,,-6.087,-8.337,0.6966233766233766,0.8024576860653836,0.7495405313443801,38.0,,,,,,,,,,,,,0.0,,,,0.7495405313443801,0.30376126490745237,0.09873893211698417,1.0,0.7767700973299737,0.5448175735886026,0.43145270164432753,104.0,0
A0ABN7RUD1,bacterial,GH11,210,23348.833,0.1428571428571428,25.01095238095237,-0.2419047619047619,7.986101722717287,0.2571428571428572,0.3190476190476191,0.3761904761904762,14742.0,300.0,0.0,0.4190872521214736,,,-4.69,-6.623,0.3337662337662339,0.4050544864363552,0.3694103601012946,138.0,,,,,,,,,,,,,0.43182873462930604,,,,0.3694103601012946,0.1296206356915439,0.009927555674805473,1.0,0.8243039721883401,0.4909630408886724,0.43073404520642433,105.0,0
A0A5P6VU75,bacterial,GH10,1295,143683.3278,0.0911196911196911,31.099467181467386,-0.6131274131274131,4.602503395080566,0.3335907335907336,0.3135135135135135,0.3366795366795367,39579.0,6188.0,0.0,0.0064131387919674,,5.6,-6.003,-7.355,0.6748051948051949,0.5747739392534199,0.6247895670293073,76.0,A289C-A327C,0.69,favorable,ideal geometry with low energy; long-range disulfide likely stabilizing,True,0.381,-2.569,-0.9134,1490.0,298.0,N229K,Stabilizing,0.0039286076760525,,0.32381940840685003,0.6094674556213018,0.6247895670293073,0.3976795639738816,0.2074054199087738,1.0,0.744578362009177,0.5874158364729581,0.42988417504129395,106.0,0
A0A8E4VW23,fungal,GH10,404,43708.3996,0.099009900990099,28.53269801980198,-0.2653465346534653,6.166598701477049,0.2648514851485149,0.3168316831683168,0.3886138613861386,22551.0,1054.0,0.0,0.2827502052774733,50,5.0,-6.366,-7.665,0.769090909090909,0.6466496638070948,0.7078702864490019,50.0,,,,,,,,,,,,,0.2904613995612157,0.20634920634920634,,,0.7078702864490019,0.2139010307053046,0.0352159914140059,1.0,0.7781887324045194,0.5068264386309574,0.42787683274759536,107.0,0
E0S1Z8,bacterial,GH10,692,79690.1152,0.1329479768786127,37.76361271676307,-0.4345375722543353,5.187603950500487,0.3265895953757225,0.2745664739884393,0.3699421965317919,50731.0,8811.0,0.0,0.1272205005049208,,,-6.352,-8.094,0.7654545454545456,0.7461163923023416,0.7557854688784436,36.0,A187C-A219C,1.19,favorable,ideal geometry with low energy; long-range disulfide likely stabilizing,True,0.343,-3.529,-1.6594,1490.0,298.0,G129Q,Stabilizing,0.12919327474419232,,0.3040996367410483,0.31360946745562135,0.7557854688784436,0.5180400410123577,0.29537832036490475,1.0,0.6573151974227575,0.6176833897000049,0.4240742475038621,108.0,0
A0ABN7S882,bacterial,GH10,429,47939.9598,0.0815850815850815,36.19370629370631,-0.4962703962703962,4.725787162780762,0.372960372960373,0.2703962703962704,0.303030303030303,30221.0,4256.0,0.0,0.2789249534943417,,,-6.43,-8.293,0.7857142857142857,0.7922559703222812,0.7889851280182835,26.0,A109C-A153C,1.08,favorable,ideal geometry with low energy; long-range disulfide likely stabilizing,True,-0.003,-2.194,-0.6172,1490.0,0.0,E80D,Destabilizing,0.28649501138526723,,0.12454592631032693,0.37869822485207094,0.7889851280182835,0.29668123684636555,0.14260799570700294,1.0,0.6778722218537073,0.529290363601769,0.42160293083354344,109.0,0
A0A6B9D8N2,fungal,GH11,216,23202.8328,0.1388888888888889,19.01208333333332,-0.4689814814814814,4.938819694519042,0.2083333333333333,0.4027777777777778,0.3703703703703704,13337.0,195.0,0.0,0.367346446059595,50,5.0,-5.957,-7.138,0.6628571428571428,0.5244609320658473,0.5936590374614951,83.0,,,,,,,,,,,,,0.37817890109864416,0.20634920634920634,,,0.5936590374614951,0.11445685607900276,0.006405956533404884,1.0,0.902855722635899,0.5059296338120767,0.4210291946803556,110.0,0
D5EY13,bacterial,GH10,726,82287.8563,0.1198347107438016,36.53308539944916,-0.4862258953168045,7.900358772277832,0.3168044077134986,0.2933884297520661,0.3415977961432507,24110.0,1886.0,0.0,0.2415930699771468,,,-5.524,-7.006,0.5503896103896104,0.4938557848365407,0.5221226976130755,107.0,,,,,,,,,,,,,0.24778573164021855,,,,0.5221226976130755,0.2307268900760887,0.06312047222967535,1.0,0.6734282470628242,0.4918189023421471,0.4205757771984804,111.0,0
Q59675,bacterial,GH10,606,64883.2702,0.0775577557755775,39.13466996699679,-0.176072607260726,4.692706871032715,0.2805280528052805,0.3498349834983498,0.3481848184818482,,,,0.0128368091603781,,,,,,,,,,,,,,,,,,,,,0.010589285623530289,,,,,,,1.0,0.639361988890489,0.8196809944452446,0.41513514003438745,112.0,0
A0ACD6B907,bacterial,GH11,268,29836.9537,0.1492537313432836,27.15003731343284,-0.439179104477612,6.222471427917481,0.2388059701492537,0.3432835820895522,0.3656716417910448,,,,0.3366521119018825,37,6.0,,,,,,,,,,,,,,,,,,,0.3463520695659775,0.0,,,,,,1.0,0.796293881541499,0.8981469407707495,0.41483300344557567,113.0,0
A0A2P0ZW24,bacterial,GH10,481,51936.0809,0.1143451143451143,21.82349272349272,-0.3070686070686071,7.724384880065918,0.2536382536382536,0.367983367983368,0.3555093555093555,33083.0,1353.0,0.0,0.1651989590979716,,,-5.781,-6.644,0.6171428571428571,0.4099234871319267,0.5135331721373919,112.0,,,,,,,,,,,,,0.1685729855827044,,,,0.5135331721373919,0.3275700178079974,0.04524416420713711,1.0,0.8660419287242989,0.5597140276848583,0.41394006180165155,114.0,0
B3PDA8,bacterial,GH10,606,64883.2702,0.0775577557755775,39.13466996699679,-0.176072607260726,4.692706871032715,0.2805280528052805,0.3498349834983498,0.3481848184818482,36067.0,3234.0,0.0,0.0128368091603781,,,-5.605,-8.483,0.5714285714285716,0.8363088337584049,0.7038687025934882,52.0,,,,,,,,,,,,,0.010589285623530289,,,,0.7038687025934882,0.35977551130538016,0.10833109739737054,1.0,0.639361988890489,0.5268671493983099,0.41377504587177616,115.0,0
Q21PD4,bacterial,GH10,574,61729.3636,0.1010452961672474,41.716411149825845,-0.4172473867595819,4.900226020812987,0.210801393728223,0.4250871080139373,0.3205574912891986,39372.0,2193.0,0.0,0.1772682960235465,,,-5.582,-7.097,0.5654545454545454,0.514954787850684,0.5402046666526148,101.0,,,,,,,,,,,,,0.1810876324575168,,,,0.5402046666526148,0.39544546975338624,0.07341695733834183,1.0,0.6055555684629145,0.5186044988886607,0.4132989326662641,116.0,0
F6LP79,bacterial,GH10,377,43214.0721,0.1326259946949602,35.472758620689675,-0.4856763925729442,4.557032203674316,0.363395225464191,0.273209549071618,0.3580901856763926,24898.0,2480.0,0.0,0.0178621355585835,,,-6.319,-7.785,0.7568831168831169,0.6744725249246464,0.7156778209038817,47.0,,,,,,,,,,,,,0.015800026337127352,,,,0.7156778209038817,0.2392315579299552,0.0830426616581701,1.0,0.6873126182429281,0.5023967094577633,0.41129151889959076,117.0,0
Q0PRN5,bacterial,GH10,423,47343.0788,0.1252955082742316,24.45791962174941,-0.258628841607565,6.019158363342284,0.3144208037825059,0.3073286052009456,0.3640661938534279,30432.0,1848.0,0.0,0.0200234978289503,,,-5.793,-7.951,0.6202597402597403,0.7129608161372594,0.6666102781984998,66.0,,,,,,,,,,,,,0.018041134175029137,,,,0.6666102781984998,0.29895850196967244,0.06184598873088275,1.0,0.8315456190630086,0.548087527440891,0.41091297993813997,118.0,0
Q9HDL7,fungal,GH11,114,12779.7148,0.1403508771929824,34.03333333333333,-0.9140350877192984,9.558807945251464,0.1491228070175438,0.3771929824561404,0.368421052631579,8047.0,72.0,0.0,0.2941883233654938,,,-5.008,-7.208,0.4163636363636364,0.5406909343844192,0.4785272853740278,127.0,,,,,,,,,,,,,0.30232153816424523,,,,0.4785272853740278,0.05736333711078733,0.002280654682049906,1.0,0.7061610670193185,0.44145126470303897,0.407433362747104,119.0,0
Q9HEN4,fungal,GH11,114,12778.7732,0.1403508771929824,28.489473684210523,-0.8736842105263157,9.69528751373291,0.1578947368421052,0.3684210526315789,0.368421052631579,8075.0,78.0,0.0,0.3538345589123749,,,-4.974,-6.533,0.4075324675324676,0.3841873405981915,0.3958599040653295,136.0,,,,,,,,,,,,,0.36416847970577865,,,,0.3958599040653295,0.05766553343046787,0.0024818889187013683,1.0,0.7787547302944032,0.4597255381608931,0.4065846406440004,120.0,0
Q7RW51,fungal,GH10,431,45898.9625,0.0974477958236659,36.32273781902552,-0.2099767981438515,7.982169151306152,0.2946635730858468,0.3039443155452436,0.3410672853828306,22436.0,899.0,0.0,0.148766436721199,,,-5.8,-7.268,0.6220779220779221,0.5546023649431949,0.5883401435105585,84.0,,,,,,,,,,,,,0.15153416927689753,,,,0.5883401435105585,0.21265986724947386,0.030017440300509794,1.0,0.676182628015888,0.47971498389146794,0.4065297655596414,121.0,0
A0A7M3UE38,fungal,GH10,352,39177.0599,0.1079545454545454,36.88957386363636,-0.3707386363636364,8.65012607574463,0.34375,0.2698863636363636,0.3607954545454545,25148.0,2132.0,0.0,0.08678606085322,,,-5.706,-7.692,0.5976623376623378,0.6529098075585439,0.6252860726104408,75.0,,,,,,,,,,,,,0.08726696703215159,,,,0.6252860726104408,0.24192973935567427,0.0713710759323853,1.0,0.6687602350335601,0.4955152625804049,0.4026894340743324,122.0,0
A0ABN7S7D7,bacterial,GH10,445,49048.3566,0.0786516853932584,38.24494382022473,-0.369438202247191,4.600741386413574,0.3393258426966292,0.3191011235955056,0.3146067415730337,31143.0,4212.0,0.0,0.5285845908715157,,,-4.683,-7.602,0.3319480519480519,0.6320426617203803,0.4819953568342161,124.0,A180C-A252C,1.28,favorable,ideal geometry with low energy; long-range disulfide likely stabilizing,True,0.078,-0.504,-0.2826,1490.0,298.0,L10A,Stabilizing,0.5453660844140141,,0.16658017644006226,0.2603550295857988,0.4819953568342161,0.30663212994441746,0.1411322779715589,1.0,0.651012442616537,0.5246942126331283,0.39579817198144396,123.0,0
P83513,bacterial,GH11,602,65922.14069999999,0.106312292358804,27.42975083056477,-0.4950166112956811,5.494932365417481,0.2142857142857142,0.372093023255814,0.3604651162790698,24157.0,992.0,0.0,0.0628146788695899,,5.6,-6.506,-6.66,0.8054545454545455,0.4136332019476003,0.6095438737010729,80.0,,,,,,,,,,,,,0.06241113754654945,,,,0.6095438737010729,0.2312341481841239,0.03313657096860746,1.0,0.7926311934214313,0.5142504781435406,0.3954018297970543,124.0,0
Q9HEP3,fungal,GH11,114,12779.7148,0.1403508771929824,34.03333333333333,-0.9140350877192984,9.558807945251464,0.1491228070175438,0.3771929824561404,0.368421052631579,8047.0,72.0,0.0,0.2941883233654938,,,-4.73,-7.194,0.3441558441558443,0.5374449339207048,0.4408003890382745,134.0,,,,,,,,,,,,,0.30232153816424523,,,,0.4408003890382745,0.05736333711078733,0.002280654682049906,1.0,0.7061610670193185,0.44145126470303897,0.3948577306351863,125.0,0
Q7S0Y0,fungal,GH10,329,35793.0438,0.0851063829787234,32.65413373860181,-0.2711246200607903,8.28639545440674,0.3069908814589665,0.3191489361702128,0.3404255319148936,21450.0,800.0,0.0,0.0493558390515003,,,-5.929,-7.614,0.6555844155844157,0.6348249478321354,0.6452046817082755,67.0,,,,,,,,,,,,,0.04845572071572525,,,,0.6452046817082755,0.20201823970643787,0.026697075395760664,1.0,0.7242208948839931,0.48823405249654794,0.39396481830684954,126.0,0
A0A024FRL8,fungal,GH10,382,39971.333,0.0916230366492146,31.71782722513088,0.0732984293193717,6.0748605728149405,0.2617801047120419,0.3376963350785339,0.3743455497382199,25701.0,675.0,0.0,0.1019364305154619,,,-5.802,-7.118,0.6225974025974025,0.5198237885462555,0.571210595571829,89.0,,,,,,,,,,,,,0.10297632434937613,,,,0.571210595571829,0.24789811666936484,0.022504695465521866,1.0,0.7364812918029396,0.5017210259844566,0.3919693153018872,127.0,0
E9SA77,bacterial,GH11,682,74813.9871,0.0982404692082111,29.40970674486802,-0.4822580645161289,4.4904169082641605,0.3035190615835777,0.3167155425219941,0.3431085043988269,47039.0,7952.0,0.0,0.0350454303303139,,,-6.052,-7.819,0.6875324675324674,0.6823556689079526,0.68494406822021,58.0,A613C-A643C,1.17,favorable,ideal geometry with low energy; long-range disulfide likely stabilizing,True,0.287,-1.61,-0.7938,1490.0,298.0,T114R,Stabilizing,0.03361731551714362,,0.275038920601972,0.3254437869822486,0.68494406822021,0.47819329771733854,0.2665682854843037,1.0,0.7667048060235857,0.627866597306307,0.3893821377255763,128.0,0
Q7S6C2,fungal,GH10,445,48886.3726,0.101123595505618,39.45865168539326,-0.1550561797752809,8.106464195251466,0.3460674157303371,0.2696629213483146,0.3685393258426967,23993.0,1440.0,0.0,0.1758634775764016,,,-5.359,-6.979,0.5075324675324676,0.4875956410850915,0.4975640543087796,115.0,,,,,,,,,,,,,0.17963098186455945,,,,0.4975640543087796,0.2294641411688522,0.04816206063858331,1.0,0.6351196340580975,0.47818645896638323,0.3851271650465741,129.0,0
F6LP81,bacterial,GH10,757,82425.3044,0.1083223249669749,20.91665785997359,-0.5351387054161163,6.67979793548584,0.2589167767503302,0.3527080581241744,0.3461030383091149,14898.0,550.0,0.0,0.1188403877929919,,,-5.406,-7.128,0.5197402597402597,0.5221423603060514,0.5209413100231556,108.0,,,,,,,,,,,,,0.12050396960608743,,,,0.5209413100231556,0.1313043009011926,0.01831231553528307,1.0,0.8779164112860698,0.5068832569306363,0.3827761788532931,130.0,0
Q8GMV6,bacterial,GH10,492,53597.499,0.0975609756097561,36.30081300813008,-0.5042682926829268,6.602951622009277,0.217479674796748,0.3556910569105691,0.3150406504065041,34040.0,2064.0,0.0,0.0711497710496341,,7.0,-5.535,-7.252,0.5532467532467533,0.5508926501275213,0.5520697016871373,96.0,,,,,,,,,,,,,0.07105376107636652,,,,0.5520697016871373,0.33789865630564997,0.06909042125033539,1.0,0.6764697208429522,0.5208646995997344,0.38132938745441275,131.0,0
A0A024FS83,fungal,GH10,398,42553.3211,0.1030150753768844,29.24349246231155,-0.0105527638190954,4.783137702941893,0.271356783919598,0.314070351758794,0.3768844221105527,27470.0,720.0,0.0,0.1032439757845086,,,-5.664,-6.859,0.5867532467532467,0.4597727799675399,0.5232630133603933,106.0,,,,,,,,,,,,,0.10433211277552214,,,,0.5232630133603933,0.26699044843775294,0.024013952240407834,1.0,0.768881286746961,0.5149714218562804,0.3808555159973986,132.0,0
A0A0C4K5J5,fungal,GH10,344,38408.5756,0.1220930232558139,30.89566860465116,-0.2523255813953489,4.653090095520018,0.2994186046511628,0.3052325581395349,0.3779069767441861,23100.0,1320.0,0.0,0.0482767395460732,,,-6.61,-7.937,0.8324675324675326,0.7097148156735451,0.7710911740705388,33.0,A191C-A224C,1.38,favorable,ideal geometry with low energy; long-range disulfide likely stabilizing,True,,,,,,,,0.047336806782302045,,,0.20118343195266278,0.7710911740705388,0.21982623711618368,0.04413737590555406,1.0,0.7472469875151779,0.5028026501342289,0.3806035157349331,133.0,0
F0BDW7,bacterial,GH10,330,36877.1165,0.109090909090909,40.14333333333335,-0.3724242424242424,5.767645835876464,0.3121212121212121,0.2848484848484848,0.3393939393939393,23812.0,1295.0,0.0,0.0615801624406686,,,-4.984,-8.306,0.4101298701298702,0.795270113610016,0.602699991869943,81.0,,,,,,,,,,,,,0.06113107243076277,,,,0.602699991869943,0.2275106578166316,0.043298899919506306,1.0,0.6261541204724392,0.4742409195521443,0.37935732795095006,134.0,0
G9BY19,fungal,GH10,356,39708.9689,0.1207865168539326,27.28376404494381,-0.3143258426966292,4.663548469543457,0.3089887640449438,0.2893258426966292,0.3735955056179776,25507.0,1645.0,0.0,0.062542342759601,,,-5.926,-6.808,0.6548051948051948,0.4479480639925804,0.5513766293988877,97.0,,,,,,,,,,,,,0.06212875333035036,,,,0.5513766293988877,0.24580432788300685,0.05503756372417494,1.0,0.7945428066708138,0.5238461745694989,0.37911718576624565,135.0,0
G1E731,bacterial,GH10,396,45384.9123,0.1186868686868687,31.67979797979798,-0.5810606060606059,4.7672227859497065,0.297979797979798,0.2929292929292929,0.3611111111111111,26795.0,2816.0,0.0,0.0359571860834276,,,-5.266,-7.779,0.4833766233766234,0.6730813818687688,0.578229002622696,86.0,,,,,,,,,,,,,0.034562711387410384,,,,0.578229002622696,0.25970535858831145,0.094311778910652,1.0,0.7369792629647346,0.5227491001159246,0.378513604708677,136.0,0
B3PC74,bacterial,GH10,378,43262.0309,0.0952380952380952,33.28280423280423,-0.4031746031746032,6.9348344802856445,0.3492063492063492,0.2539682539682539,0.3571428571428571,27737.0,3038.0,0.0,0.0235663662050506,,,-6.164,-6.744,0.7166233766233766,0.4331092047298863,0.5748662906766314,88.0,,,,,,,,,,,,,0.02171472013291915,,,,0.5748662906766314,0.2698721062004209,0.10175744566675611,1.0,0.7159888152399254,0.5219045917767756,0.3728285341954421,137.0,0
Q546Y2,bacterial,GH10,396,45293.7157,0.1161616161616161,32.685101010101,-0.5752525252525252,4.660422325134278,0.3005050505050505,0.2954545454545455,0.3560606060606061,26717.0,2838.0,0.0,0.0582683270837522,,,-5.567,-7.013,0.5615584415584416,0.4954787850683978,0.5285186133134196,105.0,,,,,,,,,,,,,0.05769704368047557,,,,0.5285186133134196,0.2588635259834871,0.09504963777837402,1.0,0.7238153962202388,0.519432139995525,0.36854926566314,138.0,0
F0BDW4,bacterial,GH10,110,11446.1424,0.0545454545454545,50.34272727272728,0.1336363636363636,10.081775474548335,0.3636363636363637,0.2727272727272727,0.2545454545454545,6906.0,90.0,0.0,0.6103383450825824,,,-3.872,-5.115,0.1212987012987013,0.0554138650591235,0.0883562831789124,144.0,,,,,,,,,,,,,0.6301362230679216,,,,0.0883562831789124,0.04504883708380551,0.002884357392004293,1.0,0.49259890513370735,0.38513302490237933,0.36787517704973777,139.0,0
A0A173M083,bacterial,GH10,541,59886.05769999999,0.1127541589648798,27.12883548983365,-0.2504621072088725,5.2216505050659165,0.2939001848428835,0.3290203327171904,0.3696857670979667,21743.0,918.0,0.0,0.0487979160126193,,,-5.612,-7.087,0.5732467532467533,0.5126362160908879,0.5429414846688206,100.0,,,,,,,,,,,,,0.04787721256254554,,,,0.5429414846688206,0.2051805083373806,0.030654682049906092,1.0,0.7965715072644772,0.508101674412941,0.36630679054810233,140.0,0
A0A024FRX8,fungal,GH10,383,40181.4718,0.0913838120104438,31.862167101827666,0.0315926892950391,5.801578712463377,0.2558746736292428,0.3394255874673629,0.3759791122715405,25811.0,702.0,0.0,0.1022816106045478,,,-5.197,-7.116,0.4654545454545455,0.5193600741942962,0.4924073098244208,120.0,,,,,,,,,,,,,0.10333424019427831,,,,0.4924073098244208,0.24908531649668122,0.023410249530453446,1.0,0.7345912438815873,0.5017717024771805,0.36583775083195985,141.0,0
E9NSU0,fungal,GH10,327,35485.7492,0.091743119266055,31.042232415902127,-0.1403669724770642,6.169554328918457,0.3027522935779817,0.3180428134556575,0.3669724770642202,21325.0,1020.0,0.0,0.0502191298039225,,,-5.666,-6.998,0.5872727272727274,0.4920009274287039,0.5396368273507157,102.0,,,,,,,,,,,,,0.04935086342186362,,,,0.5396368273507157,0.20066914899357832,0.03407566407298095,1.0,0.7453278184460351,0.4950181578781486,0.3613352828835759,142.0,0
Q9HEN6,fungal,GH11,114,12820.77,0.1403508771929824,34.86140350877192,-0.9482456140350876,9.69528751373291,0.1491228070175438,0.3859649122807018,0.3508771929824562,8062.0,78.0,0.0,0.1709516963458684,,,-4.842,-7.183,0.3732467532467532,0.5348945049849292,0.4540706291158412,131.0,,,,,,,,,,,,,0.17453797567826254,,,,0.4540706291158412,0.057525227996330475,0.0024818889187013683,1.0,0.695317962884559,0.43883126994989774,0.35581329158133385,143.0,0
A0A7G1PUW3,fungal,GH10,328,35274.3069,0.0853658536585365,23.960365853658534,-0.0932926829268292,6.519170951843263,0.3231707317073171,0.2835365853658537,0.3841463414634145,21371.0,837.0,0.0,0.032909693039727,,,-5.49,-6.681,0.5415584415584417,0.4185022026431718,0.4800303221008067,126.0,,,,,,,,,,,,,0.03140277811762608,,,,0.4800303221008067,0.20116561437591063,0.02793801985511135,1.0,0.8380608003605283,0.5167911086478876,0.34274140295544014,144.0,0
Q21MW6,bacterial,GH11,275,30393.1159,0.1345454545454545,32.384072727272724,-0.4818181818181818,6.302671241760254,0.2072727272727272,0.3781818181818182,0.3418181818181818,19032.0,728.0,0.0,0.0482663539790882,,,-4.8,-7.574,0.3623376623376623,0.6255506607929515,0.4939441615653069,119.0,,,,,,,,,,,,,0.047326038029700854,,,,0.4939441615653069,0.17592142895688306,0.02428226455594312,1.0,0.7277571889752864,0.4819902206220281,0.341086806739012,145.0,0
A0AAW8VCD8,bacterial,GH10,716,81122.8094,0.1187150837988827,32.8848184357542,-0.5043296089385475,6.614262580871582,0.2849162011173184,0.3058659217877095,0.3505586592178771,51675.0,9434.0,0.0,0.0630455458978244,,,-5.401,-7.342,0.5184415584415585,0.571759795965685,0.5451006772036218,99.0,A106C-A154C,1.39,favorable,ideal geometry with low energy; long-range disulfide likely stabilizing,True,0.249,-2.195,-0.5708000000000001,1490.0,894.0,F22L,Stabilizing,0.06265052263880501,,0.2553191489361702,0.19526627218934917,0.5451006772036218,0.5282283740758729,0.3162731419372149,1.0,0.7212002110485997,0.6414254317654219,0.33995241054667363,146.0,0
A0A0K8J318,bacterial,GH11,220,24640.6665,0.0772727272727272,26.81545454545455,-0.2759090909090909,4.488711738586424,0.3409090909090909,0.3136363636363637,0.3863636363636364,15667.0,975.0,0.0,0.0549295957141748,,,-5.469,-6.613,0.5361038961038962,0.4027359146765593,0.4694199053902277,130.0,,,,,,,,,,,,,0.05423512656292607,,,,0.4694199053902277,0.13960390696670444,0.032566407298094985,1.0,0.8006750510395589,0.49321134132608957,0.3389554577597478,147.0,0
A0A075WJH8,fungal,GH10,396,42587.685,0.106060606060606,28.68840909090909,-0.2080808080808081,4.556236457824707,0.2702020202020202,0.3409090909090909,0.3611111111111111,22700.0,980.0,0.0,0.159675924670709,45,3.5,-5.845,-6.93,0.6337662337662338,0.4762346394620912,0.5550004366141625,95.0,,,,,,,,,,,,,0.16284617341722737,0.12698412698412698,,,0.5550004366141625,0.2155091468350332,0.032734102495304535,1.0,0.7761497852125678,0.5060982586357263,0.33773224891281084,148.0,0
Q7S3P8,fungal,GH10,384,42325.0883,0.1067708333333333,31.429713541666665,-0.35546875,6.073780632019043,0.3307291666666667,0.2786458333333333,0.3567708333333333,23769.0,1720.0,0.0,0.021227770037629,,,-5.344,-6.853,0.5036363636363638,0.4583816369116623,0.481009000274013,125.0,,,,,,,,,,,,,0.01928983918058987,,,,0.481009000274013,0.2270465706114079,0.05755299168231822,1.0,0.740253975284502,0.506213384394557,0.33550407461638665,149.0,0
Q21HD6,bacterial,GH10,374,42380.8959,0.1122994652406417,36.21018716577539,-0.3481283422459894,8.74721546173096,0.3315508021390374,0.2647058823529412,0.3529411764705882,27149.0,2262.0,0.0,0.0146728239480955,,,-5.532,-6.602,0.5524675324675326,0.4001854857407837,0.4763265091041581,128.0,,,,,,,,,,,,,0.012493041966310691,,,,0.4763265091041581,0.2635259834871297,0.07573115105983365,1.0,0.6776564142840386,0.5042283872077504,0.331015979426073,150.0,0
D6CGY9,bacterial,GH10,378,43149.9527,0.0952380952380952,29.47357142857141,-0.4410052910052909,7.720121955871582,0.3465608465608465,0.246031746031746,0.3518518518518518,27483.0,3224.0,0.0,0.0741584335610665,,,-4.935,-6.357,0.3974025974025973,0.3433804776257825,0.3703915375141899,137.0,,,,,,,,,,,,,0.07417343112354843,,,,0.3703915375141899,0.26713075387189034,0.10799570700295144,1.0,0.7658685346102811,0.5352487488712807,0.32660457250300634,151.0,0
A0A7U4XSS7,bacterial,GH11,270,30969.4349,0.1074074074074074,28.708148148148144,-0.4133333333333333,9.097536659240726,0.337037037037037,0.2851851851851852,0.3777777777777777,19850.0,1680.0,0.0,0.1275501816744384,,,-4.7,-5.851,0.3363636363636365,0.2260607465801065,0.2812121914718715,143.0,,,,,,,,,,,,,0.12953511982178273,,,,0.2812121914718715,0.18474987858183584,0.0562114301046418,1.0,0.7758913135763305,0.504213155565702,0.3049868222864521,152.0,0
P84195,fungal,GH10,45,4771.2931,0.1111111111111111,31.25333333333333,-0.0488888888888889,4.558112144470216,0.3333333333333333,0.3555555555555556,0.4,2937.0,6.0,0.0,0.1628725496435104,,,-5.161,-5.559,0.456103896103896,0.1583584511940644,0.3072311736489802,142.0,,,,,,,,,,,,,0.16616074098398792,,,,0.3072311736489802,0.0022125087690896337,6.707807888382076e-05,1.0,0.7425635729768182,0.4362107899561979,0.303200901529722,153.0,0
I4DXK6,bacterial,GH10,318,35123.4044,0.1132075471698113,23.47924528301885,-0.1915094339622641,9.348512077331543,0.2955974842767295,0.2924528301886792,0.3710691823899371,22565.0,828.0,0.0,0.0408325797633795,,6.0,-4.617,-6.204,0.3148051948051948,0.3079063297009041,0.3113557622530495,141.0,,,,,,,,,,,,,0.039617987468982194,,,,0.3113557622530495,0.21405212886514488,0.027636168500134155,1.0,0.8443607983601638,0.5215122739313607,0.2908286745511308,154.0,0
K9TUC6,bacterial,GH10,47,4364.9067,0.0638297872340425,87.96170212765956,0.3085106382978723,5.820676612854004,0.3191489361702128,0.4893617021276596,0.2765957446808511,2732.0,4.0,0.0,0.5,,,-3.405,-4.876,0.0,0.0,0.0,145.0,,,,,,,,,,,,,0.515726837202348,,,,0.0,0.0,0.0,1.0,0.0,0.25,0.25524227906744934,155.0,0
